combo,size,matches,avg_points,avg_score_final
Clinton Mata + Corentin Tolisso + Martin Satriano + Nicolás Tagliafico + Tyler Morton,5,3,2.33,76.11
Clinton Mata + Dominik Greif + Martin Satriano + Nicolás Tagliafico + Tyler Morton,5,3,2.33,76.11
Clinton Mata + Martin Satriano + Moussa Niakhate + Nicolás Tagliafico + Tyler Morton,5,3,2.33,76.11
Ainsley Maitland-Niles + Clinton Mata + Corentin Tolisso + Martin Satriano + Tyler Morton,5,3,2.33,71.41
Ainsley Maitland-Niles + Clinton Mata + Dominik Greif + Martin Satriano + Tyler Morton,5,3,2.33,71.41
Ainsley Maitland-Niles + Corentin Tolisso + Dominik Greif + Martin Satriano + Tyler Morton,5,3,2.33,71.41
Clinton Mata + Corentin Tolisso + Dominik Greif + Martin Satriano + Tyler Morton,5,5,2.0,64.41
Abner + Clinton Mata + Corentin Tolisso + Martin Satriano + Tyler Morton,5,3,2.0,61.67
Abner + Clinton Mata + Dominik Greif + Martin Satriano + Tyler Morton,5,3,2.0,61.67
Abner + Clinton Mata + Martin Satriano + Pavel Šulc + Tyler Morton,5,3,2.0,61.67
Abner + Adam Karabec + Ainsley Maitland-Niles + Clinton Mata + Malick Fofana,5,3,2.0,60.57
Abner + Adam Karabec + Ainsley Maitland-Niles + Corentin Tolisso + Malick Fofana,5,3,2.0,60.57
Abner + Adam Karabec + Ainsley Maitland-Niles + Malick Fofana + Tyler Morton,5,3,2.0,60.57
Abner + Adam Karabec + Clinton Mata + Corentin Tolisso + Malick Fofana,5,3,2.0,60.57
Abner + Adam Karabec + Clinton Mata + Malick Fofana + Tyler Morton,5,3,2.0,60.57
Abner + Adam Karabec + Corentin Tolisso + Malick Fofana + Tyler Morton,5,3,2.0,60.57
Adam Karabec + Ainsley Maitland-Niles + Clinton Mata + Malick Fofana + Martin Satriano,5,3,2.0,60.47
Adam Karabec + Ainsley Maitland-Niles + Corentin Tolisso + Malick Fofana + Martin Satriano,5,3,2.0,60.47
Adam Karabec + Ainsley Maitland-Niles + Dominik Greif + Malick Fofana + Martin Satriano,5,3,2.0,60.47
Adam Karabec + Clinton Mata + Corentin Tolisso + Malick Fofana + Martin Satriano,5,3,2.0,60.47
Adam Karabec + Clinton Mata + Dominik Greif + Malick Fofana + Martin Satriano,5,3,2.0,60.47
Adam Karabec + Corentin Tolisso + Dominik Greif + Malick Fofana + Martin Satriano,5,3,2.0,60.47
Ainsley Maitland-Niles + Clinton Mata + Corentin Tolisso + Malick Fofana + Martin Satriano,5,3,2.0,60.47
Ainsley Maitland-Niles + Clinton Mata + Dominik Greif + Malick Fofana + Martin Satriano,5,3,2.0,60.47
Ainsley Maitland-Niles + Corentin Tolisso + Dominik Greif + Malick Fofana + Martin Satriano,5,3,2.0,60.47
Clinton Mata + Corentin Tolisso + Dominik Greif + Malick Fofana + Martin Satriano,5,3,2.0,60.47
Ainsley Maitland-Niles + Clinton Mata + Dominik Greif + Ruben Kluivert + Tyler Morton,5,3,2.0,59.47
Clinton Mata + Corentin Tolisso + Dominik Greif + Martin Satriano + Nicolás Tagliafico,5,4,1.75,61.43
Clinton Mata + Corentin Tolisso + Martin Satriano + Moussa Niakhate + Nicolás Tagliafico,5,4,1.75,61.43
Clinton Mata + Dominik Greif + Martin Satriano + Moussa Niakhate + Nicolás Tagliafico,5,4,1.75,61.43
Clinton Mata + Corentin Tolisso + Martin Satriano + Moussa Niakhate + Tyler Morton,5,4,1.75,61.21
Clinton Mata + Dominik Greif + Martin Satriano + Moussa Niakhate + Tyler Morton,5,4,1.75,61.21
Corentin Tolisso + Dominik Greif + Martin Satriano + Nicolás Tagliafico + Tyler Morton,5,4,1.75,59.56
Corentin Tolisso + Martin Satriano + Moussa Niakhate + Nicolás Tagliafico + Tyler Morton,5,4,1.75,59.56
Dominik Greif + Martin Satriano + Moussa Niakhate + Nicolás Tagliafico + Tyler Morton,5,4,1.75,59.56
Clinton Mata + Corentin Tolisso + Martin Satriano + Pavel Šulc + Tyler Morton,5,4,1.75,58.81
Clinton Mata + Dominik Greif + Martin Satriano + Pavel Šulc + Tyler Morton,5,4,1.75,58.81
Abner + Clinton Mata + Corentin Tolisso + Dominik Greif + Martin Satriano,5,4,1.75,58.13
Abner + Clinton Mata + Corentin Tolisso + Martin Satriano + Pavel Šulc,5,4,1.75,58.13
Abner + Clinton Mata + Dominik Greif + Martin Satriano + Pavel Šulc,5,4,1.75,58.13
Adam Karabec + Ainsley Maitland-Niles + Clinton Mata + Corentin Tolisso + Martin Satriano,5,4,1.75,57.23
Adam Karabec + Ainsley Maitland-Niles + Clinton Mata + Dominik Greif + Martin Satriano,5,4,1.75,57.23
Adam Karabec + Ainsley Maitland-Niles + Corentin Tolisso + Dominik Greif + Martin Satriano,5,4,1.75,57.23
Adam Karabec + Clinton Mata + Corentin Tolisso + Dominik Greif + Martin Satriano,5,4,1.75,57.23
Abner + Adam Karabec + Ainsley Maitland-Niles + Clinton Mata + Tyler Morton,5,4,1.75,56.48
Abner + Adam Karabec + Ainsley Maitland-Niles + Corentin Tolisso + Tyler Morton,5,4,1.75,56.48
Abner + Adam Karabec + Clinton Mata + Corentin Tolisso + Tyler Morton,5,4,1.75,56.48
Afonso Moreira + Ainsley Maitland-Niles + Clinton Mata + Moussa Niakhate + Tyler Morton,5,3,1.67,61.12
Afonso Moreira + Ainsley Maitland-Niles + Dominik Greif + Moussa Niakhate + Tyler Morton,5,3,1.67,61.12
Clinton Mata + Dominik Greif + Moussa Niakhate + Nicolás Tagliafico + Tyler Morton,5,6,1.67,59.07
Ainsley Maitland-Niles + Clinton Mata + Corentin Tolisso + Martin Satriano + Pavel Šulc,5,3,1.67,58.32
Ainsley Maitland-Niles + Clinton Mata + Dominik Greif + Martin Satriano + Pavel Šulc,5,3,1.67,58.32
Ainsley Maitland-Niles + Corentin Tolisso + Dominik Greif + Martin Satriano + Pavel Šulc,5,3,1.67,58.32
Abner + Adam Karabec + Ainsley Maitland-Niles + Clinton Mata + Dominik Greif,5,3,1.67,56.32
Abner + Adam Karabec + Ainsley Maitland-Niles + Clinton Mata + Pavel Šulc,5,3,1.67,56.32
Abner + Adam Karabec + Ainsley Maitland-Niles + Corentin Tolisso + Dominik Greif,5,3,1.67,56.32
Abner + Adam Karabec + Ainsley Maitland-Niles + Corentin Tolisso + Pavel Šulc,5,3,1.67,56.32
Abner + Adam Karabec + Ainsley Maitland-Niles + Dominik Greif + Pavel Šulc,5,3,1.67,56.32
Abner + Adam Karabec + Clinton Mata + Corentin Tolisso + Dominik Greif,5,3,1.67,56.32
Abner + Adam Karabec + Clinton Mata + Corentin Tolisso + Pavel Šulc,5,3,1.67,56.32
Abner + Adam Karabec + Clinton Mata + Dominik Greif + Pavel Šulc,5,3,1.67,56.32
Abner + Adam Karabec + Corentin Tolisso + Dominik Greif + Pavel Šulc,5,3,1.67,56.32
Clinton Mata + Corentin Tolisso + Dominik Greif + Martin Satriano + Pavel Šulc,5,5,1.6,56.55
Ainsley Maitland-Niles + Clinton Mata + Corentin Tolisso + Dominik Greif + Martin Satriano,5,5,1.6,55.83
Abner + Adam Karabec + Ainsley Maitland-Niles + Clinton Mata + Corentin Tolisso,5,5,1.6,54.69
Afonso Moreira + Ainsley Maitland-Niles + Clinton Mata + Dominik Greif + Moussa Niakhate,5,4,1.5,57.72
Ainsley Maitland-Niles + Clinton Mata + Khalis Merah + Moussa Niakhate + Tyler Morton,5,4,1.5,53.6
Ainsley Maitland-Niles + Clinton Mata + Khalis Merah + Tanner Tessmann + Tyler Morton,5,4,1.5,53.6
Ainsley Maitland-Niles + Khalis Merah + Moussa Niakhate + Tanner Tessmann + Tyler Morton,5,4,1.5,53.6
Clinton Mata + Khalis Merah + Moussa Niakhate + Tanner Tessmann + Tyler Morton,5,4,1.5,53.6
Ainsley Maitland-Niles + Clinton Mata + Dominik Greif + Tanner Tessmann + Tyler Morton,5,4,1.5,53.22
Ainsley Maitland-Niles + Clinton Mata + Nicolás Tagliafico + Tanner Tessmann + Tyler Morton,5,4,1.5,53.22
Ainsley Maitland-Niles + Dominik Greif + Moussa Niakhate + Tanner Tessmann + Tyler Morton,5,4,1.5,53.22
Ainsley Maitland-Niles + Dominik Greif + Nicolás Tagliafico + Tanner Tessmann + Tyler Morton,5,4,1.5,53.22
Ainsley Maitland-Niles + Moussa Niakhate + Nicolás Tagliafico + Tanner Tessmann + Tyler Morton,5,4,1.5,53.22
Clinton Mata + Dominik Greif + Moussa Niakhate + Tanner Tessmann + Tyler Morton,5,4,1.5,53.22
Clinton Mata + Dominik Greif + Nicolás Tagliafico + Tanner Tessmann + Tyler Morton,5,4,1.5,53.22
Clinton Mata + Moussa Niakhate + Nicolás Tagliafico + Tanner Tessmann + Tyler Morton,5,4,1.5,53.22
Adam Karabec + Ainsley Maitland-Niles + Clinton Mata + Malick Fofana + Tyler Morton,5,6,1.5,50.95
Adam Karabec + Ainsley Maitland-Niles + Corentin Tolisso + Malick Fofana + Tyler Morton,5,6,1.5,50.95
Adam Karabec + Clinton Mata + Corentin Tolisso + Malick Fofana + Tyler Morton,5,6,1.5,50.95
Adam Karabec + Ainsley Maitland-Niles + Dominik Greif + Malick Fofana + Tyler Morton,5,4,1.5,50.3
Adam Karabec + Clinton Mata + Dominik Greif + Malick Fofana + Tyler Morton,5,4,1.5,50.3
Adam Karabec + Corentin Tolisso + Dominik Greif + Malick Fofana + Tyler Morton,5,4,1.5,50.3
Ainsley Maitland-Niles + Clinton Mata + Dominik Greif + Malick Fofana + Tyler Morton,5,4,1.5,50.3
Ainsley Maitland-Niles + Corentin Tolisso + Dominik Greif + Malick Fofana + Tyler Morton,5,4,1.5,50.3
Clinton Mata + Corentin Tolisso + Dominik Greif + Malick Fofana + Tyler Morton,5,4,1.5,50.3
Abner + Corentin Tolisso + Dominik Greif + Martin Satriano + Tyler Morton,5,4,1.5,48.72
Abner + Corentin Tolisso + Martin Satriano + Pavel Šulc + Tyler Morton,5,4,1.5,48.72
Abner + Dominik Greif + Martin Satriano + Pavel Šulc + Tyler Morton,5,4,1.5,48.72
Adam Karabec + Ainsley Maitland-Niles + Clinton Mata + Corentin Tolisso + Tyler Morton,5,7,1.43,49.99
Clinton Mata + Corentin Tolisso + Moussa Niakhate + Nicolás Tagliafico + Tyler Morton,5,5,1.4,53.11
Ainsley Maitland-Niles + Clinton Mata + Moussa Niakhate + Nicolás Tagliafico + Tyler Morton,5,5,1.4,52.63
Ainsley Maitland-Niles + Dominik Greif + Moussa Niakhate + Nicolás Tagliafico + Tyler Morton,5,5,1.4,52.63
Corentin Tolisso + Dominik Greif + Martin Satriano + Moussa Niakhate + Nicolás Tagliafico,5,5,1.4,51.13
Corentin Tolisso + Dominik Greif + Martin Satriano + Moussa Niakhate + Tyler Morton,5,5,1.4,50.95
Adam Karabec + Ainsley Maitland-Niles + Clinton Mata + Dominik Greif + Tyler Morton,5,5,1.4,49.09
Adam Karabec + Ainsley Maitland-Niles + Corentin Tolisso + Dominik Greif + Tyler Morton,5,5,1.4,49.09
Adam Karabec + Clinton Mata + Corentin Tolisso + Dominik Greif + Tyler Morton,5,5,1.4,49.09
Corentin Tolisso + Dominik Greif + Martin Satriano + Pavel Šulc + Tyler Morton,5,5,1.4,49.03
Abner + Corentin Tolisso + Dominik Greif + Martin Satriano + Pavel Šulc,5,5,1.4,48.49
Abner + Clinton Mata + Corentin Tolisso + Dominik Greif + Tyler Morton,5,5,1.4,48.31
Abner + Clinton Mata + Dominik Greif + Pavel Šulc + Tyler Morton,5,5,1.4,48.31
Clinton Mata + Martin Satriano + Moussa Niakhate + Pavel Šulc + Tyler Morton,5,3,1.33,52.68
Clinton Mata + Corentin Tolisso + Moussa Niakhate + Nicolás Tagliafico + Pavel Šulc,5,3,1.33,52.58
Clinton Mata + Dominik Greif + Moussa Niakhate + Nicolás Tagliafico + Pavel Šulc,5,3,1.33,52.58
Clinton Mata + Moussa Niakhate + Nicolás Tagliafico + Pavel Šulc + Tyler Morton,5,3,1.33,52.58
Abner + Clinton Mata + Corentin Tolisso + Martin Satriano + Moussa Niakhate,5,3,1.33,51.78
Abner + Clinton Mata + Dominik Greif + Martin Satriano + Moussa Niakhate,5,3,1.33,51.78
Abner + Clinton Mata + Martin Satriano + Moussa Niakhate + Pavel Šulc,5,3,1.33,51.78
Clinton Mata + Corentin Tolisso + Dominik Greif + Martin Satriano + Moussa Niakhate,5,6,1.33,51.63
Ainsley Maitland-Niles + Clinton Mata + Corentin Tolisso + Martin Satriano + Nicolás Tagliafico,5,3,1.33,51.48
Ainsley Maitland-Niles + Clinton Mata + Dominik Greif + Martin Satriano + Nicolás Tagliafico,5,3,1.33,51.48
Ainsley Maitland-Niles + Clinton Mata + Martin Satriano + Moussa Niakhate + Nicolás Tagliafico,5,3,1.33,51.48
Ainsley Maitland-Niles + Corentin Tolisso + Dominik Greif + Martin Satriano + Nicolás Tagliafico,5,3,1.33,51.48
Ainsley Maitland-Niles + Corentin Tolisso + Martin Satriano + Moussa Niakhate + Nicolás Tagliafico,5,3,1.33,51.48
Ainsley Maitland-Niles + Dominik Greif + Martin Satriano + Moussa Niakhate + Nicolás Tagliafico,5,3,1.33,51.48
Ainsley Maitland-Niles + Clinton Mata + Dominik Greif + Moussa Niakhate + Tyler Morton,5,6,1.33,51.23
Abner + Adam Karabec + Ainsley Maitland-Niles + Clinton Mata + Tanner Tessmann,5,3,1.33,50.68
Abner + Adam Karabec + Ainsley Maitland-Niles + Corentin Tolisso + Tanner Tessmann,5,3,1.33,50.68
Abner + Adam Karabec + Ainsley Maitland-Niles + Moussa Niakhate + Tanner Tessmann,5,3,1.33,50.68
Abner + Adam Karabec + Clinton Mata + Corentin Tolisso + Tanner Tessmann,5,3,1.33,50.68
Abner + Adam Karabec + Clinton Mata + Moussa Niakhate + Tanner Tessmann,5,3,1.33,50.68
Abner + Adam Karabec + Corentin Tolisso + Moussa Niakhate + Tanner Tessmann,5,3,1.33,50.68
Abner + Clinton Mata + Dominik Greif + Moussa Niakhate + Tyler Morton,5,3,1.33,50.68
Adam Karabec + Ainsley Maitland-Niles + Clinton Mata + Martin Satriano + Moussa Niakhate,5,3,1.33,50.58
Adam Karabec + Ainsley Maitland-Niles + Clinton Mata + Martin Satriano + Tanner Tessmann,5,3,1.33,50.58
Adam Karabec + Ainsley Maitland-Niles + Corentin Tolisso + Martin Satriano + Moussa Niakhate,5,3,1.33,50.58
Adam Karabec + Ainsley Maitland-Niles + Corentin Tolisso + Martin Satriano + Tanner Tessmann,5,3,1.33,50.58
Adam Karabec + Ainsley Maitland-Niles + Dominik Greif + Martin Satriano + Moussa Niakhate,5,3,1.33,50.58
Adam Karabec + Ainsley Maitland-Niles + Dominik Greif + Martin Satriano + Tanner Tessmann,5,3,1.33,50.58
Adam Karabec + Ainsley Maitland-Niles + Martin Satriano + Moussa Niakhate + Tanner Tessmann,5,3,1.33,50.58
Adam Karabec + Clinton Mata + Corentin Tolisso + Martin Satriano + Moussa Niakhate,5,3,1.33,50.58
Adam Karabec + Clinton Mata + Corentin Tolisso + Martin Satriano + Tanner Tessmann,5,3,1.33,50.58
Adam Karabec + Clinton Mata + Dominik Greif + Martin Satriano + Moussa Niakhate,5,3,1.33,50.58
Adam Karabec + Clinton Mata + Dominik Greif + Martin Satriano + Tanner Tessmann,5,3,1.33,50.58
Adam Karabec + Clinton Mata + Martin Satriano + Moussa Niakhate + Tanner Tessmann,5,3,1.33,50.58
Adam Karabec + Corentin Tolisso + Dominik Greif + Martin Satriano + Moussa Niakhate,5,3,1.33,50.58
Adam Karabec + Corentin Tolisso + Dominik Greif + Martin Satriano + Tanner Tessmann,5,3,1.33,50.58
Adam Karabec + Corentin Tolisso + Martin Satriano + Moussa Niakhate + Tanner Tessmann,5,3,1.33,50.58
Adam Karabec + Dominik Greif + Martin Satriano + Moussa Niakhate + Tanner Tessmann,5,3,1.33,50.58
Ainsley Maitland-Niles + Clinton Mata + Corentin Tolisso + Martin Satriano + Tanner Tessmann,5,3,1.33,50.58
Ainsley Maitland-Niles + Clinton Mata + Dominik Greif + Martin Satriano + Tanner Tessmann,5,3,1.33,50.58
Ainsley Maitland-Niles + Clinton Mata + Martin Satriano + Moussa Niakhate + Tanner Tessmann,5,3,1.33,50.58
Ainsley Maitland-Niles + Corentin Tolisso + Dominik Greif + Martin Satriano + Tanner Tessmann,5,3,1.33,50.58
Ainsley Maitland-Niles + Corentin Tolisso + Martin Satriano + Moussa Niakhate + Tanner Tessmann,5,3,1.33,50.58
Ainsley Maitland-Niles + Dominik Greif + Martin Satriano + Moussa Niakhate + Tanner Tessmann,5,3,1.33,50.58
Clinton Mata + Corentin Tolisso + Dominik Greif + Martin Satriano + Tanner Tessmann,5,3,1.33,50.58
Clinton Mata + Corentin Tolisso + Martin Satriano + Moussa Niakhate + Tanner Tessmann,5,3,1.33,50.58
Clinton Mata + Dominik Greif + Martin Satriano + Moussa Niakhate + Tanner Tessmann,5,3,1.33,50.58
Afonso Moreira + Ainsley Maitland-Niles + Clinton Mata + Dominik Greif + Nicolás Tagliafico,5,3,1.33,50.48
Afonso Moreira + Ainsley Maitland-Niles + Clinton Mata + Nicolás Tagliafico + Tyler Morton,5,3,1.33,50.48
Afonso Moreira + Ainsley Maitland-Niles + Dominik Greif + Nicolás Tagliafico + Tyler Morton,5,3,1.33,50.48
Afonso Moreira + Clinton Mata + Dominik Greif + Nicolás Tagliafico + Tyler Morton,5,3,1.33,50.48
Corentin Tolisso + Dominik Greif + Martin Satriano + Nicolás Tagliafico + Pavel Šulc,5,3,1.33,50.48
Corentin Tolisso + Martin Satriano + Moussa Niakhate + Nicolás Tagliafico + Pavel Šulc,5,3,1.33,50.48
Corentin Tolisso + Martin Satriano + Nicolás Tagliafico + Pavel Šulc + Tyler Morton,5,3,1.33,50.48
Dominik Greif + Martin Satriano + Moussa Niakhate + Nicolás Tagliafico + Pavel Šulc,5,3,1.33,50.48
Dominik Greif + Martin Satriano + Nicolás Tagliafico + Pavel Šulc + Tyler Morton,5,3,1.33,50.48
Martin Satriano + Moussa Niakhate + Nicolás Tagliafico + Pavel Šulc + Tyler Morton,5,3,1.33,50.48
Abner + Adam Karabec + Ainsley Maitland-Niles + Moussa Niakhate + Tyler Morton,5,3,1.33,49.58
Abner + Adam Karabec + Clinton Mata + Moussa Niakhate + Tyler Morton,5,3,1.33,49.58
Abner + Adam Karabec + Corentin Tolisso + Moussa Niakhate + Tyler Morton,5,3,1.33,49.58
Abner + Corentin Tolisso + Dominik Greif + Mathys De Carvalho + Moussa Niakhate,5,3,1.33,48.48
Abner + Corentin Tolisso + Dominik Greif + Mathys De Carvalho + Pavel Šulc,5,3,1.33,48.48
Abner + Corentin Tolisso + Dominik Greif + Mathys De Carvalho + Tyler Morton,5,3,1.33,48.48
Abner + Corentin Tolisso + Mathys De Carvalho + Moussa Niakhate + Pavel Šulc,5,3,1.33,48.48
Abner + Corentin Tolisso + Mathys De Carvalho + Moussa Niakhate + Tyler Morton,5,3,1.33,48.48
Abner + Corentin Tolisso + Mathys De Carvalho + Pavel Šulc + Tyler Morton,5,3,1.33,48.48
Abner + Dominik Greif + Mathys De Carvalho + Moussa Niakhate + Pavel Šulc,5,3,1.33,48.48
Abner + Dominik Greif + Mathys De Carvalho + Moussa Niakhate + Tyler Morton,5,3,1.33,48.48
Abner + Dominik Greif + Mathys De Carvalho + Pavel Šulc + Tyler Morton,5,3,1.33,48.48
Abner + Mathys De Carvalho + Moussa Niakhate + Pavel Šulc + Tyler Morton,5,3,1.33,48.48
Corentin Tolisso + Dominik Greif + Mathys De Carvalho + Moussa Niakhate + Pavel Šulc,5,3,1.33,48.48
Corentin Tolisso + Dominik Greif + Mathys De Carvalho + Moussa Niakhate + Tyler Morton,5,3,1.33,48.48
Corentin Tolisso + Dominik Greif + Mathys De Carvalho + Pavel Šulc + Tyler Morton,5,3,1.33,48.48
Corentin Tolisso + Mathys De Carvalho + Moussa Niakhate + Pavel Šulc + Tyler Morton,5,3,1.33,48.48
Dominik Greif + Mathys De Carvalho + Moussa Niakhate + Pavel Šulc + Tyler Morton,5,3,1.33,48.48
Abner + Clinton Mata + Corentin Tolisso + Dominik Greif + Pavel Šulc,5,6,1.33,48.18
Adam Karabec + Ainsley Maitland-Niles + Clinton Mata + Pavel Šulc + Tyler Morton,5,3,1.33,45.88
Adam Karabec + Ainsley Maitland-Niles + Corentin Tolisso + Pavel Šulc + Tyler Morton,5,3,1.33,45.88
Adam Karabec + Ainsley Maitland-Niles + Dominik Greif + Pavel Šulc + Tyler Morton,5,3,1.33,45.88
Adam Karabec + Clinton Mata + Corentin Tolisso + Pavel Šulc + Tyler Morton,5,3,1.33,45.88
Adam Karabec + Clinton Mata + Dominik Greif + Pavel Šulc + Tyler Morton,5,3,1.33,45.88
Adam Karabec + Corentin Tolisso + Dominik Greif + Pavel Šulc + Tyler Morton,5,3,1.33,45.88
Abner + Ainsley Maitland-Niles + Clinton Mata + Dominik Greif + Tyler Morton,5,3,1.33,44.58
Abner + Ainsley Maitland-Niles + Corentin Tolisso + Dominik Greif + Tyler Morton,5,3,1.33,44.58
Abner + Ainsley Maitland-Niles + Dominik Greif + Pavel Šulc + Tyler Morton,5,3,1.33,44.58
Adam Karabec + Ainsley Maitland-Niles + Clinton Mata + Corentin Tolisso + Malick Fofana,5,7,1.29,46.16
Clinton Mata + Corentin Tolisso + Martin Satriano + Moussa Niakhate + Pavel Šulc,5,4,1.25,51.39
Clinton Mata + Dominik Greif + Martin Satriano + Moussa Niakhate + Pavel Šulc,5,4,1.25,51.39
Ainsley Maitland-Niles + Clinton Mata + Corentin Tolisso + Martin Satriano + Moussa Niakhate,5,4,1.25,50.49
Ainsley Maitland-Niles + Clinton Mata + Dominik Greif + Martin Satriano + Moussa Niakhate,5,4,1.25,50.49
Ainsley Maitland-Niles + Corentin Tolisso + Dominik Greif + Martin Satriano + Moussa Niakhate,5,4,1.25,50.49
Afonso Moreira + Clinton Mata + Dominik Greif + Moussa Niakhate + Tyler Morton,5,4,1.25,49.96
Abner + Clinton Mata + Corentin Tolisso + Dominik Greif + Moussa Niakhate,5,4,1.25,49.89
Abner + Clinton Mata + Dominik Greif + Moussa Niakhate + Pavel Šulc,5,4,1.25,49.89
Abner + Adam Karabec + Ainsley Maitland-Niles + Clinton Mata + Moussa Niakhate,5,4,1.25,49.06
Abner + Adam Karabec + Ainsley Maitland-Niles + Corentin Tolisso + Moussa Niakhate,5,4,1.25,49.06
Abner + Adam Karabec + Clinton Mata + Corentin Tolisso + Moussa Niakhate,5,4,1.25,49.06
Afonso Moreira + Ainsley Maitland-Niles + Clinton Mata + Dominik Greif + Tyler Morton,5,4,1.25,48.92
Adam Karabec + Ainsley Maitland-Niles + Clinton Mata + Corentin Tolisso + Pavel Šulc,5,4,1.25,46.29
Adam Karabec + Ainsley Maitland-Niles + Clinton Mata + Dominik Greif + Pavel Šulc,5,4,1.25,46.29
Adam Karabec + Ainsley Maitland-Niles + Corentin Tolisso + Dominik Greif + Pavel Šulc,5,4,1.25,46.29
Adam Karabec + Clinton Mata + Corentin Tolisso + Dominik Greif + Pavel Šulc,5,4,1.25,46.29
Abner + Ainsley Maitland-Niles + Clinton Mata + Corentin Tolisso + Dominik Greif,5,4,1.25,45.32
Abner + Ainsley Maitland-Niles + Clinton Mata + Dominik Greif + Pavel Šulc,5,4,1.25,45.32
Abner + Ainsley Maitland-Niles + Corentin Tolisso + Dominik Greif + Pavel Šulc,5,4,1.25,45.32
Ainsley Maitland-Niles + Clinton Mata + Khalis Merah + Moussa Niakhate + Tanner Tessmann,5,5,1.2,46.36
Ainsley Maitland-Niles + Clinton Mata + Dominik Greif + Nicolás Tagliafico + Tanner Tessmann,5,5,1.2,46.06
Ainsley Maitland-Niles + Clinton Mata + Moussa Niakhate + Nicolás Tagliafico + Tanner Tessmann,5,5,1.2,46.06
Ainsley Maitland-Niles + Dominik Greif + Moussa Niakhate + Nicolás Tagliafico + Tanner Tessmann,5,5,1.2,46.06
Clinton Mata + Dominik Greif + Moussa Niakhate + Nicolás Tagliafico + Tanner Tessmann,5,5,1.2,46.06
Adam Karabec + Ainsley Maitland-Niles + Clinton Mata + Tanner Tessmann + Tyler Morton,5,5,1.2,45.7
Adam Karabec + Ainsley Maitland-Niles + Corentin Tolisso + Tanner Tessmann + Tyler Morton,5,5,1.2,45.7
Adam Karabec + Ainsley Maitland-Niles + Malick Fofana + Moussa Niakhate + Tyler Morton,5,5,1.2,45.7
Adam Karabec + Ainsley Maitland-Niles + Malick Fofana + Tanner Tessmann + Tyler Morton,5,5,1.2,45.7
Adam Karabec + Ainsley Maitland-Niles + Moussa Niakhate + Tanner Tessmann + Tyler Morton,5,5,1.2,45.7
Adam Karabec + Clinton Mata + Corentin Tolisso + Tanner Tessmann + Tyler Morton,5,5,1.2,45.7
Adam Karabec + Clinton Mata + Malick Fofana + Moussa Niakhate + Tyler Morton,5,5,1.2,45.7
Adam Karabec + Clinton Mata + Malick Fofana + Tanner Tessmann + Tyler Morton,5,5,1.2,45.7
Adam Karabec + Clinton Mata + Moussa Niakhate + Tanner Tessmann + Tyler Morton,5,5,1.2,45.7
Adam Karabec + Corentin Tolisso + Malick Fofana + Moussa Niakhate + Tyler Morton,5,5,1.2,45.7
Adam Karabec + Corentin Tolisso + Malick Fofana + Tanner Tessmann + Tyler Morton,5,5,1.2,45.7
Adam Karabec + Corentin Tolisso + Moussa Niakhate + Tanner Tessmann + Tyler Morton,5,5,1.2,45.7
Adam Karabec + Malick Fofana + Moussa Niakhate + Tanner Tessmann + Tyler Morton,5,5,1.2,45.7
Dominik Greif + Moussa Niakhate + Nicolás Tagliafico + Tanner Tessmann + Tyler Morton,5,5,1.2,44.56
Adam Karabec + Ainsley Maitland-Niles + Clinton Mata + Dominik Greif + Malick Fofana,5,5,1.2,43.72
Adam Karabec + Ainsley Maitland-Niles + Corentin Tolisso + Dominik Greif + Malick Fofana,5,5,1.2,43.72
Adam Karabec + Clinton Mata + Corentin Tolisso + Dominik Greif + Malick Fofana,5,5,1.2,43.72
Ainsley Maitland-Niles + Clinton Mata + Corentin Tolisso + Dominik Greif + Malick Fofana,5,5,1.2,43.72
Abner + Ainsley Maitland-Niles + Clinton Mata + Corentin Tolisso + Malick Fofana,5,5,1.2,41.38
Abner + Ainsley Maitland-Niles + Clinton Mata + Malick Fofana + Tyler Morton,5,5,1.2,41.38
Abner + Ainsley Maitland-Niles + Corentin Tolisso + Malick Fofana + Tyler Morton,5,5,1.2,41.38
Abner + Clinton Mata + Corentin Tolisso + Malick Fofana + Tyler Morton,5,5,1.2,41.38
Clinton Mata + Corentin Tolisso + Dominik Greif + Moussa Niakhate + Nicolás Tagliafico,5,6,1.17,47.16
Ainsley Maitland-Niles + Clinton Mata + Dominik Greif + Moussa Niakhate + Nicolás Tagliafico,5,6,1.17,46.76
Ainsley Maitland-Niles + Clinton Mata + Dominik Greif + Moussa Niakhate + Tanner Tessmann,5,6,1.17,46.31
Clinton Mata + Corentin Tolisso + Dominik Greif + Nicolás Tagliafico + Tyler Morton,5,6,1.17,46.3
Ainsley Maitland-Niles + Clinton Mata + Dominik Greif + Nicolás Tagliafico + Tyler Morton,5,6,1.17,45.9
Corentin Tolisso + Dominik Greif + Moussa Niakhate + Nicolás Tagliafico + Tyler Morton,5,6,1.17,45.9
Adam Karabec + Ainsley Maitland-Niles + Clinton Mata + Moussa Niakhate + Tyler Morton,5,6,1.17,45.46
Adam Karabec + Ainsley Maitland-Niles + Corentin Tolisso + Moussa Niakhate + Tyler Morton,5,6,1.17,45.46
Adam Karabec + Clinton Mata + Corentin Tolisso + Moussa Niakhate + Tyler Morton,5,6,1.17,45.46
Abner + Corentin Tolisso + Dominik Greif + Pavel Šulc + Tyler Morton,5,6,1.17,41.9
Abner + Clinton Mata + Corentin Tolisso + Pavel Šulc + Tyler Morton,5,6,1.17,41.46
Clinton Mata + Corentin Tolisso + Dominik Greif + Moussa Niakhate + Tyler Morton,5,7,1.14,46.61
Adam Karabec + Ainsley Maitland-Niles + Clinton Mata + Corentin Tolisso + Dominik Greif,5,7,1.14,44.34
Ainsley Maitland-Niles + Clinton Mata + Corentin Tolisso + Dominik Greif + Tyler Morton,5,7,1.14,43.99
Clinton Mata + Corentin Tolisso + Dominik Greif + Pavel Šulc + Tyler Morton,5,7,1.14,43.99
Ainsley Maitland-Niles + Clinton Mata + Moussa Niakhate + Tanner Tessmann + Tyler Morton,5,8,1.12,42.82
Ainsley Maitland-Niles + Clinton Mata + Corentin Tolisso + Malick Fofana + Tyler Morton,5,8,1.12,41.36
Afonso Moreira + Ainsley Maitland-Niles + Clinton Mata + Corentin Tolisso + Moussa Niakhate,5,3,1.0,47.33
Afonso Moreira + Ainsley Maitland-Niles + Clinton Mata + Moussa Niakhate + Pavel Šulc,5,3,1.0,47.33
Afonso Moreira + Ainsley Maitland-Niles + Corentin Tolisso + Dominik Greif + Moussa Niakhate,5,3,1.0,47.33
Afonso Moreira + Ainsley Maitland-Niles + Corentin Tolisso + Moussa Niakhate + Pavel Šulc,5,3,1.0,47.33
Afonso Moreira + Ainsley Maitland-Niles + Dominik Greif + Moussa Niakhate + Pavel Šulc,5,3,1.0,47.33
Clinton Mata + Corentin Tolisso + Dominik Greif + Moussa Niakhate + Pavel Šulc,5,6,1.0,44.33
Ainsley Maitland-Niles + Corentin Tolisso + Dominik Greif + Moussa Niakhate + Tyler Morton,5,5,1.0,43.69
Clinton Mata + Dominik Greif + Moussa Niakhate + Pavel Šulc + Tyler Morton,5,5,1.0,43.69
Ainsley Maitland-Niles + Corentin Tolisso + Moussa Niakhate + Nicolás Tagliafico + Tyler Morton,5,4,1.0,43.56
Corentin Tolisso + Dominik Greif + Martin Satriano + Moussa Niakhate + Pavel Šulc,5,5,1.0,43.09
Clinton Mata + Corentin Tolisso + Dominik Greif + Nicolás Tagliafico + Pavel Šulc,5,4,1.0,42.51
Clinton Mata + Corentin Tolisso + Nicolás Tagliafico + Pavel Šulc + Tyler Morton,5,4,1.0,42.51
Clinton Mata + Dominik Greif + Nicolás Tagliafico + Pavel Šulc + Tyler Morton,5,4,1.0,42.51
Ainsley Maitland-Niles + Clinton Mata + Dominik Greif + Khalis Merah + Moussa Niakhate,5,3,1.0,42.43
Ainsley Maitland-Niles + Clinton Mata + Dominik Greif + Khalis Merah + Tanner Tessmann,5,3,1.0,42.43
Ainsley Maitland-Niles + Clinton Mata + Khalis Merah + Moussa Niakhate + Nicolás Tagliafico,5,3,1.0,42.43
Ainsley Maitland-Niles + Clinton Mata + Khalis Merah + Nicolás Tagliafico + Tanner Tessmann,5,3,1.0,42.43
Ainsley Maitland-Niles + Dominik Greif + Khalis Merah + Moussa Niakhate + Nicolás Tagliafico,5,3,1.0,42.43
Ainsley Maitland-Niles + Dominik Greif + Khalis Merah + Moussa Niakhate + Tanner Tessmann,5,3,1.0,42.43
Ainsley Maitland-Niles + Dominik Greif + Khalis Merah + Nicolás Tagliafico + Tanner Tessmann,5,3,1.0,42.43
Ainsley Maitland-Niles + Khalis Merah + Moussa Niakhate + Nicolás Tagliafico + Tanner Tessmann,5,3,1.0,42.43
Clinton Mata + Dominik Greif + Khalis Merah + Moussa Niakhate + Nicolás Tagliafico,5,3,1.0,42.43
Clinton Mata + Dominik Greif + Khalis Merah + Moussa Niakhate + Tanner Tessmann,5,3,1.0,42.43
Clinton Mata + Dominik Greif + Khalis Merah + Nicolás Tagliafico + Tanner Tessmann,5,3,1.0,42.43
Clinton Mata + Khalis Merah + Moussa Niakhate + Nicolás Tagliafico + Tanner Tessmann,5,3,1.0,42.43
Dominik Greif + Khalis Merah + Moussa Niakhate + Nicolás Tagliafico + Tanner Tessmann,5,3,1.0,42.43
Adam Karabec + Ainsley Maitland-Niles + Clinton Mata + Corentin Tolisso + Moussa Niakhate,5,8,1.0,42.21
Clinton Mata + Dominik Greif + Khalis Merah + Moussa Niakhate + Tyler Morton,5,3,1.0,42.13
Adam Karabec + Ainsley Maitland-Niles + Dominik Greif + Moussa Niakhate + Tyler Morton,5,4,1.0,42.06
Adam Karabec + Clinton Mata + Dominik Greif + Moussa Niakhate + Tyler Morton,5,4,1.0,42.06
Adam Karabec + Corentin Tolisso + Dominik Greif + Moussa Niakhate + Tyler Morton,5,4,1.0,42.06
Corentin Tolisso + Martin Satriano + Moussa Niakhate + Pavel Šulc + Tyler Morton,5,4,1.0,41.98
Dominik Greif + Martin Satriano + Moussa Niakhate + Pavel Šulc + Tyler Morton,5,4,1.0,41.98
Adam Karabec + Ainsley Maitland-Niles + Clinton Mata + Corentin Tolisso + Tanner Tessmann,5,7,1.0,41.92
Adam Karabec + Ainsley Maitland-Niles + Clinton Mata + Moussa Niakhate + Tanner Tessmann,5,7,1.0,41.92
Adam Karabec + Ainsley Maitland-Niles + Corentin Tolisso + Moussa Niakhate + Tanner Tessmann,5,7,1.0,41.92
Adam Karabec + Clinton Mata + Corentin Tolisso + Moussa Niakhate + Tanner Tessmann,5,7,1.0,41.92
Corentin Tolisso + Dominik Greif + Moussa Niakhate + Nicolás Tagliafico + Pavel Šulc,5,4,1.0,41.91
Corentin Tolisso + Moussa Niakhate + Nicolás Tagliafico + Pavel Šulc + Tyler Morton,5,4,1.0,41.91
Dominik Greif + Moussa Niakhate + Nicolás Tagliafico + Pavel Šulc + Tyler Morton,5,4,1.0,41.91
Abner + Corentin Tolisso + Dominik Greif + Moussa Niakhate + Pavel Šulc,5,5,1.0,41.89
Adam Karabec + Ainsley Maitland-Niles + Clinton Mata + Khalis Merah + Tyler Morton,5,3,1.0,41.83
Adam Karabec + Ainsley Maitland-Niles + Corentin Tolisso + Khalis Merah + Tyler Morton,5,3,1.0,41.83
Adam Karabec + Ainsley Maitland-Niles + Khalis Merah + Malick Fofana + Tyler Morton,5,3,1.0,41.83
Adam Karabec + Ainsley Maitland-Niles + Khalis Merah + Moussa Niakhate + Tyler Morton,5,3,1.0,41.83
Adam Karabec + Ainsley Maitland-Niles + Khalis Merah + Tanner Tessmann + Tyler Morton,5,3,1.0,41.83
Adam Karabec + Clinton Mata + Corentin Tolisso + Khalis Merah + Tyler Morton,5,3,1.0,41.83
Adam Karabec + Clinton Mata + Khalis Merah + Malick Fofana + Tyler Morton,5,3,1.0,41.83
Adam Karabec + Clinton Mata + Khalis Merah + Moussa Niakhate + Tyler Morton,5,3,1.0,41.83
Adam Karabec + Clinton Mata + Khalis Merah + Tanner Tessmann + Tyler Morton,5,3,1.0,41.83
Adam Karabec + Corentin Tolisso + Khalis Merah + Malick Fofana + Tyler Morton,5,3,1.0,41.83
Adam Karabec + Corentin Tolisso + Khalis Merah + Moussa Niakhate + Tyler Morton,5,3,1.0,41.83
Adam Karabec + Corentin Tolisso + Khalis Merah + Tanner Tessmann + Tyler Morton,5,3,1.0,41.83
Adam Karabec + Khalis Merah + Malick Fofana + Moussa Niakhate + Tyler Morton,5,3,1.0,41.83
Adam Karabec + Khalis Merah + Malick Fofana + Tanner Tessmann + Tyler Morton,5,3,1.0,41.83
Adam Karabec + Khalis Merah + Moussa Niakhate + Tanner Tessmann + Tyler Morton,5,3,1.0,41.83
Ainsley Maitland-Niles + Clinton Mata + Khalis Merah + Malick Fofana + Tyler Morton,5,3,1.0,41.83
Ainsley Maitland-Niles + Corentin Tolisso + Khalis Merah + Malick Fofana + Tyler Morton,5,3,1.0,41.83
Ainsley Maitland-Niles + Corentin Tolisso + Khalis Merah + Moussa Niakhate + Tyler Morton,5,3,1.0,41.83
Ainsley Maitland-Niles + Corentin Tolisso + Khalis Merah + Tanner Tessmann + Tyler Morton,5,3,1.0,41.83
Ainsley Maitland-Niles + Khalis Merah + Malick Fofana + Moussa Niakhate + Tyler Morton,5,3,1.0,41.83
Ainsley Maitland-Niles + Khalis Merah + Malick Fofana + Tanner Tessmann + Tyler Morton,5,3,1.0,41.83
Clinton Mata + Corentin Tolisso + Khalis Merah + Malick Fofana + Tyler Morton,5,3,1.0,41.83
Clinton Mata + Corentin Tolisso + Khalis Merah + Tanner Tessmann + Tyler Morton,5,3,1.0,41.83
Clinton Mata + Khalis Merah + Malick Fofana + Moussa Niakhate + Tyler Morton,5,3,1.0,41.83
Clinton Mata + Khalis Merah + Malick Fofana + Tanner Tessmann + Tyler Morton,5,3,1.0,41.83
Corentin Tolisso + Khalis Merah + Malick Fofana + Moussa Niakhate + Tyler Morton,5,3,1.0,41.83
Corentin Tolisso + Khalis Merah + Malick Fofana + Tanner Tessmann + Tyler Morton,5,3,1.0,41.83
Corentin Tolisso + Khalis Merah + Moussa Niakhate + Tanner Tessmann + Tyler Morton,5,3,1.0,41.83
Khalis Merah + Malick Fofana + Moussa Niakhate + Tanner Tessmann + Tyler Morton,5,3,1.0,41.83
Abner + Clinton Mata + Corentin Tolisso + Moussa Niakhate + Pavel Šulc,5,5,1.0,41.35
Adam Karabec + Ainsley Maitland-Niles + Clinton Mata + Nicolás Tagliafico + Tyler Morton,5,3,1.0,41.33
Adam Karabec + Ainsley Maitland-Niles + Corentin Tolisso + Nicolás Tagliafico + Tyler Morton,5,3,1.0,41.33
Adam Karabec + Ainsley Maitland-Niles + Dominik Greif + Nicolás Tagliafico + Tyler Morton,5,3,1.0,41.33
Adam Karabec + Ainsley Maitland-Niles + Dominik Greif + Tanner Tessmann + Tyler Morton,5,3,1.0,41.33
Adam Karabec + Ainsley Maitland-Niles + Malick Fofana + Nicolás Tagliafico + Tyler Morton,5,3,1.0,41.33
Adam Karabec + Ainsley Maitland-Niles + Moussa Niakhate + Nicolás Tagliafico + Tyler Morton,5,3,1.0,41.33
Adam Karabec + Ainsley Maitland-Niles + Nicolás Tagliafico + Tanner Tessmann + Tyler Morton,5,3,1.0,41.33
Adam Karabec + Clinton Mata + Corentin Tolisso + Nicolás Tagliafico + Tyler Morton,5,3,1.0,41.33
Adam Karabec + Clinton Mata + Dominik Greif + Nicolás Tagliafico + Tyler Morton,5,3,1.0,41.33
Adam Karabec + Clinton Mata + Dominik Greif + Tanner Tessmann + Tyler Morton,5,3,1.0,41.33
Adam Karabec + Clinton Mata + Malick Fofana + Nicolás Tagliafico + Tyler Morton,5,3,1.0,41.33
Adam Karabec + Clinton Mata + Moussa Niakhate + Nicolás Tagliafico + Tyler Morton,5,3,1.0,41.33
Adam Karabec + Clinton Mata + Nicolás Tagliafico + Tanner Tessmann + Tyler Morton,5,3,1.0,41.33
Adam Karabec + Corentin Tolisso + Dominik Greif + Nicolás Tagliafico + Tyler Morton,5,3,1.0,41.33
Adam Karabec + Corentin Tolisso + Dominik Greif + Tanner Tessmann + Tyler Morton,5,3,1.0,41.33
Adam Karabec + Corentin Tolisso + Malick Fofana + Nicolás Tagliafico + Tyler Morton,5,3,1.0,41.33
Adam Karabec + Corentin Tolisso + Moussa Niakhate + Nicolás Tagliafico + Tyler Morton,5,3,1.0,41.33
Adam Karabec + Corentin Tolisso + Nicolás Tagliafico + Tanner Tessmann + Tyler Morton,5,3,1.0,41.33
Adam Karabec + Dominik Greif + Malick Fofana + Moussa Niakhate + Tyler Morton,5,3,1.0,41.33
Adam Karabec + Dominik Greif + Malick Fofana + Nicolás Tagliafico + Tyler Morton,5,3,1.0,41.33
Adam Karabec + Dominik Greif + Malick Fofana + Tanner Tessmann + Tyler Morton,5,3,1.0,41.33
Adam Karabec + Dominik Greif + Moussa Niakhate + Nicolás Tagliafico + Tyler Morton,5,3,1.0,41.33
Adam Karabec + Dominik Greif + Moussa Niakhate + Tanner Tessmann + Tyler Morton,5,3,1.0,41.33
Adam Karabec + Dominik Greif + Nicolás Tagliafico + Tanner Tessmann + Tyler Morton,5,3,1.0,41.33
Adam Karabec + Malick Fofana + Moussa Niakhate + Nicolás Tagliafico + Tyler Morton,5,3,1.0,41.33
Adam Karabec + Malick Fofana + Nicolás Tagliafico + Tanner Tessmann + Tyler Morton,5,3,1.0,41.33
Adam Karabec + Moussa Niakhate + Nicolás Tagliafico + Tanner Tessmann + Tyler Morton,5,3,1.0,41.33
Ainsley Maitland-Niles + Clinton Mata + Malick Fofana + Nicolás Tagliafico + Tyler Morton,5,3,1.0,41.33
Ainsley Maitland-Niles + Corentin Tolisso + Dominik Greif + Tanner Tessmann + Tyler Morton,5,3,1.0,41.33
Ainsley Maitland-Niles + Corentin Tolisso + Malick Fofana + Nicolás Tagliafico + Tyler Morton,5,3,1.0,41.33
Ainsley Maitland-Niles + Corentin Tolisso + Nicolás Tagliafico + Tanner Tessmann + Tyler Morton,5,3,1.0,41.33
Ainsley Maitland-Niles + Dominik Greif + Malick Fofana + Moussa Niakhate + Tyler Morton,5,3,1.0,41.33
Ainsley Maitland-Niles + Dominik Greif + Malick Fofana + Nicolás Tagliafico + Tyler Morton,5,3,1.0,41.33
Ainsley Maitland-Niles + Dominik Greif + Malick Fofana + Tanner Tessmann + Tyler Morton,5,3,1.0,41.33
Ainsley Maitland-Niles + Malick Fofana + Moussa Niakhate + Nicolás Tagliafico + Tyler Morton,5,3,1.0,41.33
Ainsley Maitland-Niles + Malick Fofana + Nicolás Tagliafico + Tanner Tessmann + Tyler Morton,5,3,1.0,41.33
Clinton Mata + Corentin Tolisso + Dominik Greif + Tanner Tessmann + Tyler Morton,5,3,1.0,41.33
Clinton Mata + Corentin Tolisso + Malick Fofana + Nicolás Tagliafico + Tyler Morton,5,3,1.0,41.33
Clinton Mata + Corentin Tolisso + Nicolás Tagliafico + Tanner Tessmann + Tyler Morton,5,3,1.0,41.33
Clinton Mata + Dominik Greif + Malick Fofana + Moussa Niakhate + Tyler Morton,5,3,1.0,41.33
Clinton Mata + Dominik Greif + Malick Fofana + Nicolás Tagliafico + Tyler Morton,5,3,1.0,41.33
Clinton Mata + Dominik Greif + Malick Fofana + Tanner Tessmann + Tyler Morton,5,3,1.0,41.33
Clinton Mata + Malick Fofana + Moussa Niakhate + Nicolás Tagliafico + Tyler Morton,5,3,1.0,41.33
Clinton Mata + Malick Fofana + Nicolás Tagliafico + Tanner Tessmann + Tyler Morton,5,3,1.0,41.33
Corentin Tolisso + Dominik Greif + Malick Fofana + Moussa Niakhate + Tyler Morton,5,3,1.0,41.33
Corentin Tolisso + Dominik Greif + Malick Fofana + Nicolás Tagliafico + Tyler Morton,5,3,1.0,41.33
Corentin Tolisso + Dominik Greif + Malick Fofana + Tanner Tessmann + Tyler Morton,5,3,1.0,41.33
Corentin Tolisso + Malick Fofana + Moussa Niakhate + Nicolás Tagliafico + Tyler Morton,5,3,1.0,41.33
Corentin Tolisso + Malick Fofana + Nicolás Tagliafico + Tanner Tessmann + Tyler Morton,5,3,1.0,41.33
Dominik Greif + Malick Fofana + Moussa Niakhate + Nicolás Tagliafico + Tyler Morton,5,3,1.0,41.33
Dominik Greif + Malick Fofana + Moussa Niakhate + Tanner Tessmann + Tyler Morton,5,3,1.0,41.33
Dominik Greif + Malick Fofana + Nicolás Tagliafico + Tanner Tessmann + Tyler Morton,5,3,1.0,41.33
Malick Fofana + Moussa Niakhate + Nicolás Tagliafico + Tanner Tessmann + Tyler Morton,5,3,1.0,41.33
Abner + Corentin Tolisso + Dominik Greif + Martin Satriano + Moussa Niakhate,5,4,1.0,41.31
Abner + Corentin Tolisso + Martin Satriano + Moussa Niakhate + Pavel Šulc,5,4,1.0,41.31
Abner + Dominik Greif + Martin Satriano + Moussa Niakhate + Pavel Šulc,5,4,1.0,41.31
Ainsley Maitland-Niles + Clinton Mata + Corentin Tolisso + Dominik Greif + Pavel Šulc,5,6,1.0,41.28
Adam Karabec + Ainsley Maitland-Niles + Clinton Mata + Malick Fofana + Moussa Niakhate,5,6,1.0,40.98
Adam Karabec + Ainsley Maitland-Niles + Clinton Mata + Malick Fofana + Tanner Tessmann,5,6,1.0,40.98
Adam Karabec + Ainsley Maitland-Niles + Corentin Tolisso + Malick Fofana + Moussa Niakhate,5,6,1.0,40.98
Adam Karabec + Ainsley Maitland-Niles + Corentin Tolisso + Malick Fofana + Tanner Tessmann,5,6,1.0,40.98
Adam Karabec + Ainsley Maitland-Niles + Malick Fofana + Moussa Niakhate + Tanner Tessmann,5,6,1.0,40.98
Adam Karabec + Clinton Mata + Corentin Tolisso + Malick Fofana + Moussa Niakhate,5,6,1.0,40.98
Adam Karabec + Clinton Mata + Corentin Tolisso + Malick Fofana + Tanner Tessmann,5,6,1.0,40.98
Adam Karabec + Clinton Mata + Malick Fofana + Moussa Niakhate + Tanner Tessmann,5,6,1.0,40.98
Adam Karabec + Corentin Tolisso + Malick Fofana + Moussa Niakhate + Tanner Tessmann,5,6,1.0,40.98
Ainsley Maitland-Niles + Clinton Mata + Dominik Greif + Khalis Merah + Tyler Morton,5,3,1.0,40.73
Ainsley Maitland-Niles + Clinton Mata + Khalis Merah + Nicolás Tagliafico + Tyler Morton,5,3,1.0,40.73
Ainsley Maitland-Niles + Dominik Greif + Khalis Merah + Nicolás Tagliafico + Tyler Morton,5,3,1.0,40.73
Clinton Mata + Dominik Greif + Khalis Merah + Nicolás Tagliafico + Tyler Morton,5,3,1.0,40.73
Abner + Corentin Tolisso + Dominik Greif + Moussa Niakhate + Tyler Morton,5,4,1.0,40.48
Abner + Dominik Greif + Moussa Niakhate + Pavel Šulc + Tyler Morton,5,4,1.0,40.48
Corentin Tolisso + Dominik Greif + Martin Satriano + Moussa Niakhate + Tanner Tessmann,5,4,1.0,40.41
Abner + Clinton Mata + Corentin Tolisso + Khalis Merah + Moussa Niakhate,5,3,1.0,40.33
Abner + Clinton Mata + Khalis Merah + Moussa Niakhate + Tyler Morton,5,3,1.0,40.33
Abner + Corentin Tolisso + Khalis Merah + Moussa Niakhate + Tyler Morton,5,3,1.0,40.33
Abner + Clinton Mata + Corentin Tolisso + Moussa Niakhate + Tyler Morton,5,7,1.0,40.25
Ainsley Maitland-Niles + Clinton Mata + Dominik Greif + Pavel Šulc + Tyler Morton,5,5,1.0,40.03
Ainsley Maitland-Niles + Corentin Tolisso + Dominik Greif + Pavel Šulc + Tyler Morton,5,5,1.0,40.03
Abner + Clinton Mata + Moussa Niakhate + Pavel Šulc + Tyler Morton,5,4,1.0,39.81
Abner + Corentin Tolisso + Dominik Greif + Hans Hateboer + Martin Satriano,5,3,1.0,39.23
Abner + Corentin Tolisso + Dominik Greif + Hans Hateboer + Moussa Niakhate,5,3,1.0,39.23
Abner + Corentin Tolisso + Dominik Greif + Hans Hateboer + Pavel Šulc,5,3,1.0,39.23
Abner + Corentin Tolisso + Dominik Greif + Hans Hateboer + Tyler Morton,5,3,1.0,39.23
Abner + Corentin Tolisso + Hans Hateboer + Martin Satriano + Moussa Niakhate,5,3,1.0,39.23
Abner + Corentin Tolisso + Hans Hateboer + Martin Satriano + Pavel Šulc,5,3,1.0,39.23
Abner + Corentin Tolisso + Hans Hateboer + Martin Satriano + Tyler Morton,5,3,1.0,39.23
Abner + Corentin Tolisso + Hans Hateboer + Moussa Niakhate + Pavel Šulc,5,3,1.0,39.23
Abner + Corentin Tolisso + Hans Hateboer + Moussa Niakhate + Tyler Morton,5,3,1.0,39.23
Abner + Corentin Tolisso + Hans Hateboer + Pavel Šulc + Tyler Morton,5,3,1.0,39.23
Abner + Corentin Tolisso + Martin Satriano + Moussa Niakhate + Tyler Morton,5,3,1.0,39.23
Abner + Dominik Greif + Hans Hateboer + Martin Satriano + Moussa Niakhate,5,3,1.0,39.23
Abner + Dominik Greif + Hans Hateboer + Martin Satriano + Pavel Šulc,5,3,1.0,39.23
Abner + Dominik Greif + Hans Hateboer + Martin Satriano + Tyler Morton,5,3,1.0,39.23
Abner + Dominik Greif + Hans Hateboer + Moussa Niakhate + Pavel Šulc,5,3,1.0,39.23
Abner + Dominik Greif + Hans Hateboer + Moussa Niakhate + Tyler Morton,5,3,1.0,39.23
Abner + Dominik Greif + Hans Hateboer + Pavel Šulc + Tyler Morton,5,3,1.0,39.23
Abner + Dominik Greif + Martin Satriano + Moussa Niakhate + Tyler Morton,5,3,1.0,39.23
Abner + Hans Hateboer + Martin Satriano + Moussa Niakhate + Pavel Šulc,5,3,1.0,39.23
Abner + Hans Hateboer + Martin Satriano + Moussa Niakhate + Tyler Morton,5,3,1.0,39.23
Abner + Hans Hateboer + Martin Satriano + Pavel Šulc + Tyler Morton,5,3,1.0,39.23
Abner + Hans Hateboer + Moussa Niakhate + Pavel Šulc + Tyler Morton,5,3,1.0,39.23
Abner + Martin Satriano + Moussa Niakhate + Pavel Šulc + Tyler Morton,5,3,1.0,39.23
Afonso Moreira + Clinton Mata + Dominik Greif + Khalis Merah + Tyler Morton,5,3,1.0,39.23
Corentin Tolisso + Dominik Greif + Hans Hateboer + Martin Satriano + Moussa Niakhate,5,3,1.0,39.23
Corentin Tolisso + Dominik Greif + Hans Hateboer + Martin Satriano + Pavel Šulc,5,3,1.0,39.23
Corentin Tolisso + Dominik Greif + Hans Hateboer + Martin Satriano + Tyler Morton,5,3,1.0,39.23
Corentin Tolisso + Dominik Greif + Hans Hateboer + Moussa Niakhate + Pavel Šulc,5,3,1.0,39.23
Corentin Tolisso + Dominik Greif + Hans Hateboer + Moussa Niakhate + Tyler Morton,5,3,1.0,39.23
Corentin Tolisso + Dominik Greif + Hans Hateboer + Pavel Šulc + Tyler Morton,5,3,1.0,39.23
Corentin Tolisso + Hans Hateboer + Martin Satriano + Moussa Niakhate + Pavel Šulc,5,3,1.0,39.23
Corentin Tolisso + Hans Hateboer + Martin Satriano + Moussa Niakhate + Tyler Morton,5,3,1.0,39.23
Corentin Tolisso + Hans Hateboer + Martin Satriano + Pavel Šulc + Tyler Morton,5,3,1.0,39.23
Corentin Tolisso + Hans Hateboer + Moussa Niakhate + Pavel Šulc + Tyler Morton,5,3,1.0,39.23
Dominik Greif + Hans Hateboer + Martin Satriano + Moussa Niakhate + Pavel Šulc,5,3,1.0,39.23
Dominik Greif + Hans Hateboer + Martin Satriano + Moussa Niakhate + Tyler Morton,5,3,1.0,39.23
Dominik Greif + Hans Hateboer + Martin Satriano + Pavel Šulc + Tyler Morton,5,3,1.0,39.23
Dominik Greif + Hans Hateboer + Moussa Niakhate + Pavel Šulc + Tyler Morton,5,3,1.0,39.23
Hans Hateboer + Martin Satriano + Moussa Niakhate + Pavel Šulc + Tyler Morton,5,3,1.0,39.23
Abner + Ainsley Maitland-Niles + Clinton Mata + Corentin Tolisso + Khalis Merah,5,3,1.0,38.93
Abner + Ainsley Maitland-Niles + Clinton Mata + Khalis Merah + Tyler Morton,5,3,1.0,38.93
Abner + Ainsley Maitland-Niles + Corentin Tolisso + Khalis Merah + Tyler Morton,5,3,1.0,38.93
Corentin Tolisso + Dominik Greif + Martin Satriano + Nicolás Tagliafico + Tanner Tessmann,5,3,1.0,38.03
Corentin Tolisso + Martin Satriano + Moussa Niakhate + Nicolás Tagliafico + Tanner Tessmann,5,3,1.0,38.03
Dominik Greif + Martin Satriano + Moussa Niakhate + Nicolás Tagliafico + Tanner Tessmann,5,3,1.0,38.03
Abner + Corentin Tolisso + Dominik Greif + Nicolás Tagliafico + Pavel Šulc,5,3,1.0,37.83
Abner + Corentin Tolisso + Dominik Greif + Nicolás Tagliafico + Tyler Morton,5,3,1.0,37.83
Abner + Corentin Tolisso + Nicolás Tagliafico + Pavel Šulc + Tyler Morton,5,3,1.0,37.83
Abner + Dominik Greif + Nicolás Tagliafico + Pavel Šulc + Tyler Morton,5,3,1.0,37.83
Abner + Ainsley Maitland-Niles + Clinton Mata + Corentin Tolisso + Pavel Šulc,5,5,1.0,37.69
Abner + Ainsley Maitland-Niles + Clinton Mata + Corentin Tolisso + Tyler Morton,5,7,1.0,37.63
Abner + Ainsley Maitland-Niles + Clinton Mata + Pavel Šulc + Tyler Morton,5,4,1.0,35.23
Abner + Ainsley Maitland-Niles + Corentin Tolisso + Pavel Šulc + Tyler Morton,5,4,1.0,35.23
Ainsley Maitland-Niles + Clinton Mata + Corentin Tolisso + Malick Fofana + Pavel Šulc,5,3,1.0,33.53
Ainsley Maitland-Niles + Clinton Mata + Malick Fofana + Pavel Šulc + Tyler Morton,5,3,1.0,33.53
Ainsley Maitland-Niles + Corentin Tolisso + Malick Fofana + Pavel Šulc + Tyler Morton,5,3,1.0,33.53
Clinton Mata + Corentin Tolisso + Malick Fofana + Pavel Šulc + Tyler Morton,5,3,1.0,33.53
Ainsley Maitland-Niles + Clinton Mata + Corentin Tolisso + Moussa Niakhate + Tyler Morton,5,9,0.89,38.68
Ainsley Maitland-Niles + Clinton Mata + Corentin Tolisso + Dominik Greif + Moussa Niakhate,5,7,0.86,40.48
Ainsley Maitland-Niles + Clinton Mata + Corentin Tolisso + Tanner Tessmann + Tyler Morton,5,7,0.86,36.24
Ainsley Maitland-Niles + Clinton Mata + Malick Fofana + Moussa Niakhate + Tyler Morton,5,7,0.86,36.24
Ainsley Maitland-Niles + Clinton Mata + Malick Fofana + Tanner Tessmann + Tyler Morton,5,7,0.86,36.24
Ainsley Maitland-Niles + Corentin Tolisso + Malick Fofana + Moussa Niakhate + Tyler Morton,5,7,0.86,36.24
Ainsley Maitland-Niles + Corentin Tolisso + Malick Fofana + Tanner Tessmann + Tyler Morton,5,7,0.86,36.24
Ainsley Maitland-Niles + Corentin Tolisso + Moussa Niakhate + Tanner Tessmann + Tyler Morton,5,7,0.86,36.24
Ainsley Maitland-Niles + Malick Fofana + Moussa Niakhate + Tanner Tessmann + Tyler Morton,5,7,0.86,36.24
Clinton Mata + Corentin Tolisso + Malick Fofana + Moussa Niakhate + Tyler Morton,5,7,0.86,36.24
Clinton Mata + Corentin Tolisso + Malick Fofana + Tanner Tessmann + Tyler Morton,5,7,0.86,36.24
Clinton Mata + Corentin Tolisso + Moussa Niakhate + Tanner Tessmann + Tyler Morton,5,7,0.86,36.24
Clinton Mata + Malick Fofana + Moussa Niakhate + Tanner Tessmann + Tyler Morton,5,7,0.86,36.24
Corentin Tolisso + Malick Fofana + Moussa Niakhate + Tanner Tessmann + Tyler Morton,5,7,0.86,36.24
Adam Karabec + Ainsley Maitland-Niles + Clinton Mata + Dominik Greif + Moussa Niakhate,5,6,0.83,38.86
Adam Karabec + Ainsley Maitland-Niles + Corentin Tolisso + Dominik Greif + Moussa Niakhate,5,6,0.83,38.86
Adam Karabec + Clinton Mata + Corentin Tolisso + Dominik Greif + Moussa Niakhate,5,6,0.83,38.86
Corentin Tolisso + Dominik Greif + Moussa Niakhate + Pavel Šulc + Tyler Morton,5,6,0.83,38.06
Clinton Mata + Corentin Tolisso + Moussa Niakhate + Pavel Šulc + Tyler Morton,5,6,0.83,37.61
Abner + Ainsley Maitland-Niles + Clinton Mata + Corentin Tolisso + Moussa Niakhate,5,6,0.83,36.91
Ainsley Maitland-Niles + Clinton Mata + Corentin Tolisso + Pavel Šulc + Tyler Morton,5,6,0.83,34.56
Ainsley Maitland-Niles + Clinton Mata + Corentin Tolisso + Moussa Niakhate + Nicolás Tagliafico,5,5,0.8,38.33
Ainsley Maitland-Niles + Corentin Tolisso + Dominik Greif + Moussa Niakhate + Nicolás Tagliafico,5,5,0.8,38.33
Adam Karabec + Ainsley Maitland-Niles + Clinton Mata + Dominik Greif + Tanner Tessmann,5,5,0.8,37.79
Adam Karabec + Ainsley Maitland-Niles + Corentin Tolisso + Dominik Greif + Tanner Tessmann,5,5,0.8,37.79
Adam Karabec + Ainsley Maitland-Niles + Dominik Greif + Moussa Niakhate + Tanner Tessmann,5,5,0.8,37.79
Adam Karabec + Clinton Mata + Corentin Tolisso + Dominik Greif + Tanner Tessmann,5,5,0.8,37.79
Adam Karabec + Clinton Mata + Dominik Greif + Moussa Niakhate + Tanner Tessmann,5,5,0.8,37.79
Adam Karabec + Corentin Tolisso + Dominik Greif + Moussa Niakhate + Tanner Tessmann,5,5,0.8,37.79
Ainsley Maitland-Niles + Clinton Mata + Corentin Tolisso + Dominik Greif + Tanner Tessmann,5,5,0.8,37.79
Ainsley Maitland-Niles + Corentin Tolisso + Dominik Greif + Moussa Niakhate + Tanner Tessmann,5,5,0.8,37.79
Clinton Mata + Corentin Tolisso + Dominik Greif + Moussa Niakhate + Tanner Tessmann,5,5,0.8,37.79
Ainsley Maitland-Niles + Clinton Mata + Corentin Tolisso + Nicolás Tagliafico + Tyler Morton,5,5,0.8,37.31
Ainsley Maitland-Niles + Corentin Tolisso + Dominik Greif + Nicolás Tagliafico + Tyler Morton,5,5,0.8,37.31
Corentin Tolisso + Dominik Greif + Nicolás Tagliafico + Pavel Šulc + Tyler Morton,5,5,0.8,35.99
Abner + Ainsley Maitland-Niles + Clinton Mata + Corentin Tolisso + Tanner Tessmann,5,5,0.8,35.45
Abner + Ainsley Maitland-Niles + Clinton Mata + Moussa Niakhate + Tanner Tessmann,5,5,0.8,35.45
Abner + Ainsley Maitland-Niles + Corentin Tolisso + Moussa Niakhate + Tanner Tessmann,5,5,0.8,35.45
Abner + Clinton Mata + Corentin Tolisso + Moussa Niakhate + Tanner Tessmann,5,5,0.8,35.45
Abner + Ainsley Maitland-Niles + Clinton Mata + Moussa Niakhate + Tyler Morton,5,5,0.8,34.79
Abner + Ainsley Maitland-Niles + Corentin Tolisso + Moussa Niakhate + Tyler Morton,5,5,0.8,34.79
Abner + Corentin Tolisso + Moussa Niakhate + Pavel Šulc + Tyler Morton,5,5,0.8,33.83
Ainsley Maitland-Niles + Clinton Mata + Corentin Tolisso + Moussa Niakhate + Tanner Tessmann,5,9,0.78,35.4
Afonso Moreira + Clinton Mata + Corentin Tolisso + Dominik Greif + Moussa Niakhate,5,4,0.75,39.62
Afonso Moreira + Clinton Mata + Corentin Tolisso + Moussa Niakhate + Pavel Šulc,5,4,0.75,39.62
Afonso Moreira + Clinton Mata + Dominik Greif + Moussa Niakhate + Pavel Šulc,5,4,0.75,39.62
Afonso Moreira + Corentin Tolisso + Dominik Greif + Moussa Niakhate + Pavel Šulc,5,4,0.75,39.62
Ainsley Maitland-Niles + Clinton Mata + Dominik Greif + Moussa Niakhate + Pavel Šulc,5,4,0.75,39.55
Ainsley Maitland-Niles + Corentin Tolisso + Dominik Greif + Moussa Niakhate + Pavel Šulc,5,4,0.75,39.55
Afonso Moreira + Ainsley Maitland-Niles + Clinton Mata + Corentin Tolisso + Dominik Greif,5,4,0.75,38.57
Afonso Moreira + Ainsley Maitland-Niles + Clinton Mata + Corentin Tolisso + Pavel Šulc,5,4,0.75,38.57
Afonso Moreira + Ainsley Maitland-Niles + Clinton Mata + Dominik Greif + Pavel Šulc,5,4,0.75,38.57
Afonso Moreira + Ainsley Maitland-Niles + Corentin Tolisso + Dominik Greif + Pavel Šulc,5,4,0.75,38.57
Adam Karabec + Ainsley Maitland-Niles + Clinton Mata + Corentin Tolisso + Khalis Merah,5,4,0.75,35.72
Adam Karabec + Ainsley Maitland-Niles + Clinton Mata + Khalis Merah + Malick Fofana,5,4,0.75,35.72
Adam Karabec + Ainsley Maitland-Niles + Clinton Mata + Khalis Merah + Moussa Niakhate,5,4,0.75,35.72
Adam Karabec + Ainsley Maitland-Niles + Clinton Mata + Khalis Merah + Tanner Tessmann,5,4,0.75,35.72
Adam Karabec + Ainsley Maitland-Niles + Corentin Tolisso + Khalis Merah + Malick Fofana,5,4,0.75,35.72
Adam Karabec + Ainsley Maitland-Niles + Corentin Tolisso + Khalis Merah + Moussa Niakhate,5,4,0.75,35.72
Adam Karabec + Ainsley Maitland-Niles + Corentin Tolisso + Khalis Merah + Tanner Tessmann,5,4,0.75,35.72
Adam Karabec + Ainsley Maitland-Niles + Khalis Merah + Malick Fofana + Moussa Niakhate,5,4,0.75,35.72
Adam Karabec + Ainsley Maitland-Niles + Khalis Merah + Malick Fofana + Tanner Tessmann,5,4,0.75,35.72
Adam Karabec + Ainsley Maitland-Niles + Khalis Merah + Moussa Niakhate + Tanner Tessmann,5,4,0.75,35.72
Adam Karabec + Clinton Mata + Corentin Tolisso + Khalis Merah + Malick Fofana,5,4,0.75,35.72
Adam Karabec + Clinton Mata + Corentin Tolisso + Khalis Merah + Moussa Niakhate,5,4,0.75,35.72
Adam Karabec + Clinton Mata + Corentin Tolisso + Khalis Merah + Tanner Tessmann,5,4,0.75,35.72
Adam Karabec + Clinton Mata + Khalis Merah + Malick Fofana + Moussa Niakhate,5,4,0.75,35.72
Adam Karabec + Clinton Mata + Khalis Merah + Malick Fofana + Tanner Tessmann,5,4,0.75,35.72
Adam Karabec + Clinton Mata + Khalis Merah + Moussa Niakhate + Tanner Tessmann,5,4,0.75,35.72
Adam Karabec + Corentin Tolisso + Khalis Merah + Malick Fofana + Moussa Niakhate,5,4,0.75,35.72
Adam Karabec + Corentin Tolisso + Khalis Merah + Malick Fofana + Tanner Tessmann,5,4,0.75,35.72
Adam Karabec + Corentin Tolisso + Khalis Merah + Moussa Niakhate + Tanner Tessmann,5,4,0.75,35.72
Adam Karabec + Khalis Merah + Malick Fofana + Moussa Niakhate + Tanner Tessmann,5,4,0.75,35.72
Ainsley Maitland-Niles + Clinton Mata + Corentin Tolisso + Khalis Merah + Malick Fofana,5,4,0.75,35.72
Ainsley Maitland-Niles + Clinton Mata + Corentin Tolisso + Khalis Merah + Moussa Niakhate,5,4,0.75,35.72
Ainsley Maitland-Niles + Clinton Mata + Corentin Tolisso + Khalis Merah + Tanner Tessmann,5,4,0.75,35.72
Ainsley Maitland-Niles + Clinton Mata + Khalis Merah + Malick Fofana + Moussa Niakhate,5,4,0.75,35.72
Ainsley Maitland-Niles + Clinton Mata + Khalis Merah + Malick Fofana + Tanner Tessmann,5,4,0.75,35.72
Ainsley Maitland-Niles + Corentin Tolisso + Khalis Merah + Malick Fofana + Moussa Niakhate,5,4,0.75,35.72
Ainsley Maitland-Niles + Corentin Tolisso + Khalis Merah + Malick Fofana + Tanner Tessmann,5,4,0.75,35.72
Ainsley Maitland-Niles + Corentin Tolisso + Khalis Merah + Moussa Niakhate + Tanner Tessmann,5,4,0.75,35.72
Ainsley Maitland-Niles + Khalis Merah + Malick Fofana + Moussa Niakhate + Tanner Tessmann,5,4,0.75,35.72
Clinton Mata + Corentin Tolisso + Khalis Merah + Malick Fofana + Moussa Niakhate,5,4,0.75,35.72
Clinton Mata + Corentin Tolisso + Khalis Merah + Malick Fofana + Tanner Tessmann,5,4,0.75,35.72
Clinton Mata + Corentin Tolisso + Khalis Merah + Moussa Niakhate + Tanner Tessmann,5,4,0.75,35.72
Clinton Mata + Khalis Merah + Malick Fofana + Moussa Niakhate + Tanner Tessmann,5,4,0.75,35.72
Corentin Tolisso + Khalis Merah + Malick Fofana + Moussa Niakhate + Tanner Tessmann,5,4,0.75,35.72
Clinton Mata + Corentin Tolisso + Khalis Merah + Moussa Niakhate + Tyler Morton,5,4,0.75,35.5
Adam Karabec + Ainsley Maitland-Niles + Clinton Mata + Corentin Tolisso + Nicolás Tagliafico,5,4,0.75,35.35
Adam Karabec + Ainsley Maitland-Niles + Clinton Mata + Dominik Greif + Nicolás Tagliafico,5,4,0.75,35.35
Adam Karabec + Ainsley Maitland-Niles + Clinton Mata + Malick Fofana + Nicolás Tagliafico,5,4,0.75,35.35
Adam Karabec + Ainsley Maitland-Niles + Clinton Mata + Moussa Niakhate + Nicolás Tagliafico,5,4,0.75,35.35
Adam Karabec + Ainsley Maitland-Niles + Clinton Mata + Nicolás Tagliafico + Tanner Tessmann,5,4,0.75,35.35
Adam Karabec + Ainsley Maitland-Niles + Corentin Tolisso + Dominik Greif + Nicolás Tagliafico,5,4,0.75,35.35
Adam Karabec + Ainsley Maitland-Niles + Corentin Tolisso + Malick Fofana + Nicolás Tagliafico,5,4,0.75,35.35
Adam Karabec + Ainsley Maitland-Niles + Corentin Tolisso + Moussa Niakhate + Nicolás Tagliafico,5,4,0.75,35.35
Adam Karabec + Ainsley Maitland-Niles + Corentin Tolisso + Nicolás Tagliafico + Tanner Tessmann,5,4,0.75,35.35
Adam Karabec + Ainsley Maitland-Niles + Dominik Greif + Malick Fofana + Moussa Niakhate,5,4,0.75,35.35
Adam Karabec + Ainsley Maitland-Niles + Dominik Greif + Malick Fofana + Nicolás Tagliafico,5,4,0.75,35.35
Adam Karabec + Ainsley Maitland-Niles + Dominik Greif + Malick Fofana + Tanner Tessmann,5,4,0.75,35.35
Adam Karabec + Ainsley Maitland-Niles + Dominik Greif + Moussa Niakhate + Nicolás Tagliafico,5,4,0.75,35.35
Adam Karabec + Ainsley Maitland-Niles + Dominik Greif + Nicolás Tagliafico + Tanner Tessmann,5,4,0.75,35.35
Adam Karabec + Ainsley Maitland-Niles + Malick Fofana + Moussa Niakhate + Nicolás Tagliafico,5,4,0.75,35.35
Adam Karabec + Ainsley Maitland-Niles + Malick Fofana + Nicolás Tagliafico + Tanner Tessmann,5,4,0.75,35.35
Adam Karabec + Ainsley Maitland-Niles + Moussa Niakhate + Nicolás Tagliafico + Tanner Tessmann,5,4,0.75,35.35
Adam Karabec + Clinton Mata + Corentin Tolisso + Dominik Greif + Nicolás Tagliafico,5,4,0.75,35.35
Adam Karabec + Clinton Mata + Corentin Tolisso + Malick Fofana + Nicolás Tagliafico,5,4,0.75,35.35
Adam Karabec + Clinton Mata + Corentin Tolisso + Moussa Niakhate + Nicolás Tagliafico,5,4,0.75,35.35
Adam Karabec + Clinton Mata + Corentin Tolisso + Nicolás Tagliafico + Tanner Tessmann,5,4,0.75,35.35
Adam Karabec + Clinton Mata + Dominik Greif + Malick Fofana + Moussa Niakhate,5,4,0.75,35.35
Adam Karabec + Clinton Mata + Dominik Greif + Malick Fofana + Nicolás Tagliafico,5,4,0.75,35.35
Adam Karabec + Clinton Mata + Dominik Greif + Malick Fofana + Tanner Tessmann,5,4,0.75,35.35
Adam Karabec + Clinton Mata + Dominik Greif + Moussa Niakhate + Nicolás Tagliafico,5,4,0.75,35.35
Adam Karabec + Clinton Mata + Dominik Greif + Nicolás Tagliafico + Tanner Tessmann,5,4,0.75,35.35
Adam Karabec + Clinton Mata + Malick Fofana + Moussa Niakhate + Nicolás Tagliafico,5,4,0.75,35.35
Adam Karabec + Clinton Mata + Malick Fofana + Nicolás Tagliafico + Tanner Tessmann,5,4,0.75,35.35
Adam Karabec + Clinton Mata + Moussa Niakhate + Nicolás Tagliafico + Tanner Tessmann,5,4,0.75,35.35
Adam Karabec + Corentin Tolisso + Dominik Greif + Malick Fofana + Moussa Niakhate,5,4,0.75,35.35
Adam Karabec + Corentin Tolisso + Dominik Greif + Malick Fofana + Nicolás Tagliafico,5,4,0.75,35.35
Adam Karabec + Corentin Tolisso + Dominik Greif + Malick Fofana + Tanner Tessmann,5,4,0.75,35.35
Adam Karabec + Corentin Tolisso + Dominik Greif + Moussa Niakhate + Nicolás Tagliafico,5,4,0.75,35.35
Adam Karabec + Corentin Tolisso + Dominik Greif + Nicolás Tagliafico + Tanner Tessmann,5,4,0.75,35.35
Adam Karabec + Corentin Tolisso + Malick Fofana + Moussa Niakhate + Nicolás Tagliafico,5,4,0.75,35.35
Adam Karabec + Corentin Tolisso + Malick Fofana + Nicolás Tagliafico + Tanner Tessmann,5,4,0.75,35.35
Adam Karabec + Corentin Tolisso + Moussa Niakhate + Nicolás Tagliafico + Tanner Tessmann,5,4,0.75,35.35
Adam Karabec + Dominik Greif + Malick Fofana + Moussa Niakhate + Nicolás Tagliafico,5,4,0.75,35.35
Adam Karabec + Dominik Greif + Malick Fofana + Moussa Niakhate + Tanner Tessmann,5,4,0.75,35.35
Adam Karabec + Dominik Greif + Malick Fofana + Nicolás Tagliafico + Tanner Tessmann,5,4,0.75,35.35
Adam Karabec + Dominik Greif + Moussa Niakhate + Nicolás Tagliafico + Tanner Tessmann,5,4,0.75,35.35
Adam Karabec + Malick Fofana + Moussa Niakhate + Nicolás Tagliafico + Tanner Tessmann,5,4,0.75,35.35
Ainsley Maitland-Niles + Clinton Mata + Corentin Tolisso + Malick Fofana + Nicolás Tagliafico,5,4,0.75,35.35
Ainsley Maitland-Niles + Clinton Mata + Corentin Tolisso + Nicolás Tagliafico + Tanner Tessmann,5,4,0.75,35.35
Ainsley Maitland-Niles + Clinton Mata + Dominik Greif + Malick Fofana + Moussa Niakhate,5,4,0.75,35.35
Ainsley Maitland-Niles + Clinton Mata + Dominik Greif + Malick Fofana + Nicolás Tagliafico,5,4,0.75,35.35
Ainsley Maitland-Niles + Clinton Mata + Dominik Greif + Malick Fofana + Tanner Tessmann,5,4,0.75,35.35
Ainsley Maitland-Niles + Clinton Mata + Malick Fofana + Moussa Niakhate + Nicolás Tagliafico,5,4,0.75,35.35
Ainsley Maitland-Niles + Clinton Mata + Malick Fofana + Nicolás Tagliafico + Tanner Tessmann,5,4,0.75,35.35
Ainsley Maitland-Niles + Corentin Tolisso + Dominik Greif + Malick Fofana + Moussa Niakhate,5,4,0.75,35.35
Ainsley Maitland-Niles + Corentin Tolisso + Dominik Greif + Malick Fofana + Nicolás Tagliafico,5,4,0.75,35.35
Ainsley Maitland-Niles + Corentin Tolisso + Dominik Greif + Malick Fofana + Tanner Tessmann,5,4,0.75,35.35
Ainsley Maitland-Niles + Corentin Tolisso + Dominik Greif + Nicolás Tagliafico + Tanner Tessmann,5,4,0.75,35.35
Ainsley Maitland-Niles + Corentin Tolisso + Malick Fofana + Moussa Niakhate + Nicolás Tagliafico,5,4,0.75,35.35
Ainsley Maitland-Niles + Corentin Tolisso + Malick Fofana + Nicolás Tagliafico + Tanner Tessmann,5,4,0.75,35.35
Ainsley Maitland-Niles + Corentin Tolisso + Moussa Niakhate + Nicolás Tagliafico + Tanner Tessmann,5,4,0.75,35.35
Ainsley Maitland-Niles + Dominik Greif + Malick Fofana + Moussa Niakhate + Nicolás Tagliafico,5,4,0.75,35.35
Ainsley Maitland-Niles + Dominik Greif + Malick Fofana + Moussa Niakhate + Tanner Tessmann,5,4,0.75,35.35
Ainsley Maitland-Niles + Dominik Greif + Malick Fofana + Nicolás Tagliafico + Tanner Tessmann,5,4,0.75,35.35
Ainsley Maitland-Niles + Malick Fofana + Moussa Niakhate + Nicolás Tagliafico + Tanner Tessmann,5,4,0.75,35.35
Clinton Mata + Corentin Tolisso + Dominik Greif + Malick Fofana + Moussa Niakhate,5,4,0.75,35.35
Clinton Mata + Corentin Tolisso + Dominik Greif + Malick Fofana + Nicolás Tagliafico,5,4,0.75,35.35
Clinton Mata + Corentin Tolisso + Dominik Greif + Malick Fofana + Tanner Tessmann,5,4,0.75,35.35
Clinton Mata + Corentin Tolisso + Dominik Greif + Nicolás Tagliafico + Tanner Tessmann,5,4,0.75,35.35
Clinton Mata + Corentin Tolisso + Malick Fofana + Moussa Niakhate + Nicolás Tagliafico,5,4,0.75,35.35
Clinton Mata + Corentin Tolisso + Malick Fofana + Nicolás Tagliafico + Tanner Tessmann,5,4,0.75,35.35
Clinton Mata + Corentin Tolisso + Moussa Niakhate + Nicolás Tagliafico + Tanner Tessmann,5,4,0.75,35.35
Clinton Mata + Dominik Greif + Malick Fofana + Moussa Niakhate + Nicolás Tagliafico,5,4,0.75,35.35
Clinton Mata + Dominik Greif + Malick Fofana + Moussa Niakhate + Tanner Tessmann,5,4,0.75,35.35
Clinton Mata + Dominik Greif + Malick Fofana + Nicolás Tagliafico + Tanner Tessmann,5,4,0.75,35.35
Clinton Mata + Malick Fofana + Moussa Niakhate + Nicolás Tagliafico + Tanner Tessmann,5,4,0.75,35.35
Corentin Tolisso + Dominik Greif + Malick Fofana + Moussa Niakhate + Nicolás Tagliafico,5,4,0.75,35.35
Corentin Tolisso + Dominik Greif + Malick Fofana + Moussa Niakhate + Tanner Tessmann,5,4,0.75,35.35
Corentin Tolisso + Dominik Greif + Malick Fofana + Nicolás Tagliafico + Tanner Tessmann,5,4,0.75,35.35
Corentin Tolisso + Malick Fofana + Moussa Niakhate + Nicolás Tagliafico + Tanner Tessmann,5,4,0.75,35.35
Dominik Greif + Malick Fofana + Moussa Niakhate + Nicolás Tagliafico + Tanner Tessmann,5,4,0.75,35.35
Ainsley Maitland-Niles + Clinton Mata + Dominik Greif + Khalis Merah + Nicolás Tagliafico,5,4,0.75,34.9
Ainsley Maitland-Niles + Clinton Mata + Corentin Tolisso + Khalis Merah + Tyler Morton,5,4,0.75,34.45
Ainsley Maitland-Niles + Clinton Mata + Corentin Tolisso + Malick Fofana + Moussa Niakhate,5,8,0.75,33.89
Ainsley Maitland-Niles + Clinton Mata + Corentin Tolisso + Malick Fofana + Tanner Tessmann,5,8,0.75,33.89
Ainsley Maitland-Niles + Clinton Mata + Malick Fofana + Moussa Niakhate + Tanner Tessmann,5,8,0.75,33.89
Ainsley Maitland-Niles + Corentin Tolisso + Malick Fofana + Moussa Niakhate + Tanner Tessmann,5,8,0.75,33.89
Clinton Mata + Corentin Tolisso + Malick Fofana + Moussa Niakhate + Tanner Tessmann,5,8,0.75,33.89
Corentin Tolisso + Dominik Greif + Moussa Niakhate + Tanner Tessmann + Tyler Morton,5,4,0.75,33.48
Corentin Tolisso + Dominik Greif + Nicolás Tagliafico + Tanner Tessmann + Tyler Morton,5,4,0.75,33.48
Corentin Tolisso + Moussa Niakhate + Nicolás Tagliafico + Tanner Tessmann + Tyler Morton,5,4,0.75,33.48
Abner + Clinton Mata + Corentin Tolisso + Khalis Merah + Tyler Morton,5,4,0.75,33.33
Abner + Ainsley Maitland-Niles + Clinton Mata + Corentin Tolisso + Rémy Descamps,5,4,0.75,32.42
Abner + Ainsley Maitland-Niles + Clinton Mata + Malick Fofana + Moussa Niakhate,5,4,0.75,32.42
Abner + Ainsley Maitland-Niles + Clinton Mata + Malick Fofana + Rémy Descamps,5,4,0.75,32.42
Abner + Ainsley Maitland-Niles + Clinton Mata + Malick Fofana + Tanner Tessmann,5,4,0.75,32.42
Abner + Ainsley Maitland-Niles + Clinton Mata + Moussa Niakhate + Rémy Descamps,5,4,0.75,32.42
Abner + Ainsley Maitland-Niles + Clinton Mata + Rémy Descamps + Tanner Tessmann,5,4,0.75,32.42
Abner + Ainsley Maitland-Niles + Clinton Mata + Rémy Descamps + Tyler Morton,5,4,0.75,32.42
Abner + Ainsley Maitland-Niles + Clinton Mata + Tanner Tessmann + Tyler Morton,5,4,0.75,32.42
Abner + Ainsley Maitland-Niles + Corentin Tolisso + Malick Fofana + Moussa Niakhate,5,4,0.75,32.42
Abner + Ainsley Maitland-Niles + Corentin Tolisso + Malick Fofana + Rémy Descamps,5,4,0.75,32.42
Abner + Ainsley Maitland-Niles + Corentin Tolisso + Malick Fofana + Tanner Tessmann,5,4,0.75,32.42
Abner + Ainsley Maitland-Niles + Corentin Tolisso + Moussa Niakhate + Rémy Descamps,5,4,0.75,32.42
Abner + Ainsley Maitland-Niles + Corentin Tolisso + Rémy Descamps + Tanner Tessmann,5,4,0.75,32.42
Abner + Ainsley Maitland-Niles + Corentin Tolisso + Rémy Descamps + Tyler Morton,5,4,0.75,32.42
Abner + Ainsley Maitland-Niles + Corentin Tolisso + Tanner Tessmann + Tyler Morton,5,4,0.75,32.42
Abner + Ainsley Maitland-Niles + Malick Fofana + Moussa Niakhate + Rémy Descamps,5,4,0.75,32.42
Abner + Ainsley Maitland-Niles + Malick Fofana + Moussa Niakhate + Tanner Tessmann,5,4,0.75,32.42
Abner + Ainsley Maitland-Niles + Malick Fofana + Moussa Niakhate + Tyler Morton,5,4,0.75,32.42
Abner + Ainsley Maitland-Niles + Malick Fofana + Rémy Descamps + Tanner Tessmann,5,4,0.75,32.42
Abner + Ainsley Maitland-Niles + Malick Fofana + Rémy Descamps + Tyler Morton,5,4,0.75,32.42
Abner + Ainsley Maitland-Niles + Malick Fofana + Tanner Tessmann + Tyler Morton,5,4,0.75,32.42
Abner + Ainsley Maitland-Niles + Moussa Niakhate + Rémy Descamps + Tanner Tessmann,5,4,0.75,32.42
Abner + Ainsley Maitland-Niles + Moussa Niakhate + Rémy Descamps + Tyler Morton,5,4,0.75,32.42
Abner + Ainsley Maitland-Niles + Moussa Niakhate + Tanner Tessmann + Tyler Morton,5,4,0.75,32.42
Abner + Ainsley Maitland-Niles + Rémy Descamps + Tanner Tessmann + Tyler Morton,5,4,0.75,32.42
Abner + Clinton Mata + Corentin Tolisso + Malick Fofana + Moussa Niakhate,5,4,0.75,32.42
Abner + Clinton Mata + Corentin Tolisso + Malick Fofana + Rémy Descamps,5,4,0.75,32.42
Abner + Clinton Mata + Corentin Tolisso + Malick Fofana + Tanner Tessmann,5,4,0.75,32.42
Abner + Clinton Mata + Corentin Tolisso + Moussa Niakhate + Rémy Descamps,5,4,0.75,32.42
Abner + Clinton Mata + Corentin Tolisso + Rémy Descamps + Tanner Tessmann,5,4,0.75,32.42
Abner + Clinton Mata + Corentin Tolisso + Rémy Descamps + Tyler Morton,5,4,0.75,32.42
Abner + Clinton Mata + Corentin Tolisso + Tanner Tessmann + Tyler Morton,5,4,0.75,32.42
Abner + Clinton Mata + Malick Fofana + Moussa Niakhate + Rémy Descamps,5,4,0.75,32.42
Abner + Clinton Mata + Malick Fofana + Moussa Niakhate + Tanner Tessmann,5,4,0.75,32.42
Abner + Clinton Mata + Malick Fofana + Moussa Niakhate + Tyler Morton,5,4,0.75,32.42
Abner + Clinton Mata + Malick Fofana + Rémy Descamps + Tanner Tessmann,5,4,0.75,32.42
Abner + Clinton Mata + Malick Fofana + Rémy Descamps + Tyler Morton,5,4,0.75,32.42
Abner + Clinton Mata + Malick Fofana + Tanner Tessmann + Tyler Morton,5,4,0.75,32.42
Abner + Clinton Mata + Moussa Niakhate + Rémy Descamps + Tanner Tessmann,5,4,0.75,32.42
Abner + Clinton Mata + Moussa Niakhate + Rémy Descamps + Tyler Morton,5,4,0.75,32.42
Abner + Clinton Mata + Moussa Niakhate + Tanner Tessmann + Tyler Morton,5,4,0.75,32.42
Abner + Clinton Mata + Rémy Descamps + Tanner Tessmann + Tyler Morton,5,4,0.75,32.42
Abner + Corentin Tolisso + Malick Fofana + Moussa Niakhate + Rémy Descamps,5,4,0.75,32.42
Abner + Corentin Tolisso + Malick Fofana + Moussa Niakhate + Tanner Tessmann,5,4,0.75,32.42
Abner + Corentin Tolisso + Malick Fofana + Moussa Niakhate + Tyler Morton,5,4,0.75,32.42
Abner + Corentin Tolisso + Malick Fofana + Rémy Descamps + Tanner Tessmann,5,4,0.75,32.42
Abner + Corentin Tolisso + Malick Fofana + Rémy Descamps + Tyler Morton,5,4,0.75,32.42
Abner + Corentin Tolisso + Malick Fofana + Tanner Tessmann + Tyler Morton,5,4,0.75,32.42
Abner + Corentin Tolisso + Moussa Niakhate + Rémy Descamps + Tanner Tessmann,5,4,0.75,32.42
Abner + Corentin Tolisso + Moussa Niakhate + Rémy Descamps + Tyler Morton,5,4,0.75,32.42
Abner + Corentin Tolisso + Rémy Descamps + Tanner Tessmann + Tyler Morton,5,4,0.75,32.42
Abner + Malick Fofana + Moussa Niakhate + Rémy Descamps + Tanner Tessmann,5,4,0.75,32.42
Abner + Malick Fofana + Moussa Niakhate + Rémy Descamps + Tyler Morton,5,4,0.75,32.42
Abner + Malick Fofana + Moussa Niakhate + Tanner Tessmann + Tyler Morton,5,4,0.75,32.42
Abner + Malick Fofana + Rémy Descamps + Tanner Tessmann + Tyler Morton,5,4,0.75,32.42
Abner + Moussa Niakhate + Rémy Descamps + Tanner Tessmann + Tyler Morton,5,4,0.75,32.42
Ainsley Maitland-Niles + Clinton Mata + Corentin Tolisso + Malick Fofana + Rémy Descamps,5,4,0.75,32.42
Ainsley Maitland-Niles + Clinton Mata + Corentin Tolisso + Moussa Niakhate + Rémy Descamps,5,4,0.75,32.42
Ainsley Maitland-Niles + Clinton Mata + Corentin Tolisso + Rémy Descamps + Tanner Tessmann,5,4,0.75,32.42
Ainsley Maitland-Niles + Clinton Mata + Corentin Tolisso + Rémy Descamps + Tyler Morton,5,4,0.75,32.42
Ainsley Maitland-Niles + Clinton Mata + Malick Fofana + Moussa Niakhate + Rémy Descamps,5,4,0.75,32.42
Ainsley Maitland-Niles + Clinton Mata + Malick Fofana + Rémy Descamps + Tanner Tessmann,5,4,0.75,32.42
Ainsley Maitland-Niles + Clinton Mata + Malick Fofana + Rémy Descamps + Tyler Morton,5,4,0.75,32.42
Ainsley Maitland-Niles + Clinton Mata + Moussa Niakhate + Rémy Descamps + Tanner Tessmann,5,4,0.75,32.42
Ainsley Maitland-Niles + Clinton Mata + Moussa Niakhate + Rémy Descamps + Tyler Morton,5,4,0.75,32.42
Ainsley Maitland-Niles + Clinton Mata + Rémy Descamps + Tanner Tessmann + Tyler Morton,5,4,0.75,32.42
Ainsley Maitland-Niles + Corentin Tolisso + Malick Fofana + Moussa Niakhate + Rémy Descamps,5,4,0.75,32.42
Ainsley Maitland-Niles + Corentin Tolisso + Malick Fofana + Rémy Descamps + Tanner Tessmann,5,4,0.75,32.42
Ainsley Maitland-Niles + Corentin Tolisso + Malick Fofana + Rémy Descamps + Tyler Morton,5,4,0.75,32.42
Ainsley Maitland-Niles + Corentin Tolisso + Moussa Niakhate + Rémy Descamps + Tanner Tessmann,5,4,0.75,32.42
Ainsley Maitland-Niles + Corentin Tolisso + Moussa Niakhate + Rémy Descamps + Tyler Morton,5,4,0.75,32.42
Ainsley Maitland-Niles + Corentin Tolisso + Rémy Descamps + Tanner Tessmann + Tyler Morton,5,4,0.75,32.42
Ainsley Maitland-Niles + Malick Fofana + Moussa Niakhate + Rémy Descamps + Tanner Tessmann,5,4,0.75,32.42
Ainsley Maitland-Niles + Malick Fofana + Moussa Niakhate + Rémy Descamps + Tyler Morton,5,4,0.75,32.42
Ainsley Maitland-Niles + Malick Fofana + Rémy Descamps + Tanner Tessmann + Tyler Morton,5,4,0.75,32.42
Ainsley Maitland-Niles + Moussa Niakhate + Rémy Descamps + Tanner Tessmann + Tyler Morton,5,4,0.75,32.42
Clinton Mata + Corentin Tolisso + Malick Fofana + Moussa Niakhate + Rémy Descamps,5,4,0.75,32.42
Clinton Mata + Corentin Tolisso + Malick Fofana + Rémy Descamps + Tanner Tessmann,5,4,0.75,32.42
Clinton Mata + Corentin Tolisso + Malick Fofana + Rémy Descamps + Tyler Morton,5,4,0.75,32.42
Clinton Mata + Corentin Tolisso + Moussa Niakhate + Rémy Descamps + Tanner Tessmann,5,4,0.75,32.42
Clinton Mata + Corentin Tolisso + Moussa Niakhate + Rémy Descamps + Tyler Morton,5,4,0.75,32.42
Clinton Mata + Corentin Tolisso + Rémy Descamps + Tanner Tessmann + Tyler Morton,5,4,0.75,32.42
Clinton Mata + Malick Fofana + Moussa Niakhate + Rémy Descamps + Tanner Tessmann,5,4,0.75,32.42
Clinton Mata + Malick Fofana + Moussa Niakhate + Rémy Descamps + Tyler Morton,5,4,0.75,32.42
Clinton Mata + Malick Fofana + Rémy Descamps + Tanner Tessmann + Tyler Morton,5,4,0.75,32.42
Clinton Mata + Moussa Niakhate + Rémy Descamps + Tanner Tessmann + Tyler Morton,5,4,0.75,32.42
Corentin Tolisso + Malick Fofana + Moussa Niakhate + Rémy Descamps + Tanner Tessmann,5,4,0.75,32.42
Corentin Tolisso + Malick Fofana + Moussa Niakhate + Rémy Descamps + Tyler Morton,5,4,0.75,32.42
Corentin Tolisso + Malick Fofana + Rémy Descamps + Tanner Tessmann + Tyler Morton,5,4,0.75,32.42
Corentin Tolisso + Moussa Niakhate + Rémy Descamps + Tanner Tessmann + Tyler Morton,5,4,0.75,32.42
Malick Fofana + Moussa Niakhate + Rémy Descamps + Tanner Tessmann + Tyler Morton,5,4,0.75,32.42
Afonso Moreira + Clinton Mata + Corentin Tolisso + Dominik Greif + Martin Satriano,5,3,0.67,38.09
Afonso Moreira + Clinton Mata + Corentin Tolisso + Martin Satriano + Moussa Niakhate,5,3,0.67,38.09
Afonso Moreira + Clinton Mata + Corentin Tolisso + Martin Satriano + Pavel Šulc,5,3,0.67,38.09
Afonso Moreira + Clinton Mata + Dominik Greif + Martin Satriano + Moussa Niakhate,5,3,0.67,38.09
Afonso Moreira + Clinton Mata + Dominik Greif + Martin Satriano + Pavel Šulc,5,3,0.67,38.09
Afonso Moreira + Clinton Mata + Martin Satriano + Moussa Niakhate + Pavel Šulc,5,3,0.67,38.09
Afonso Moreira + Corentin Tolisso + Dominik Greif + Martin Satriano + Moussa Niakhate,5,3,0.67,38.09
Afonso Moreira + Corentin Tolisso + Dominik Greif + Martin Satriano + Pavel Šulc,5,3,0.67,38.09
Afonso Moreira + Corentin Tolisso + Martin Satriano + Moussa Niakhate + Pavel Šulc,5,3,0.67,38.09
Afonso Moreira + Dominik Greif + Martin Satriano + Moussa Niakhate + Pavel Šulc,5,3,0.67,38.09
Afonso Moreira + Clinton Mata + Corentin Tolisso + Moussa Niakhate + Tyler Morton,5,3,0.67,36.99
Afonso Moreira + Clinton Mata + Moussa Niakhate + Pavel Šulc + Tyler Morton,5,3,0.67,36.99
Afonso Moreira + Corentin Tolisso + Dominik Greif + Moussa Niakhate + Tyler Morton,5,3,0.67,36.99
Afonso Moreira + Corentin Tolisso + Moussa Niakhate + Pavel Šulc + Tyler Morton,5,3,0.67,36.99
Afonso Moreira + Dominik Greif + Moussa Niakhate + Pavel Šulc + Tyler Morton,5,3,0.67,36.99
Ainsley Maitland-Niles + Dominik Greif + Moussa Niakhate + Pavel Šulc + Tyler Morton,5,3,0.67,36.89
Abner + Afonso Moreira + Clinton Mata + Corentin Tolisso + Moussa Niakhate,5,3,0.67,36.09
Abner + Afonso Moreira + Clinton Mata + Dominik Greif + Moussa Niakhate,5,3,0.67,36.09
Abner + Afonso Moreira + Clinton Mata + Moussa Niakhate + Pavel Šulc,5,3,0.67,36.09
Abner + Afonso Moreira + Corentin Tolisso + Dominik Greif + Moussa Niakhate,5,3,0.67,36.09
Abner + Afonso Moreira + Corentin Tolisso + Moussa Niakhate + Pavel Šulc,5,3,0.67,36.09
Abner + Afonso Moreira + Dominik Greif + Moussa Niakhate + Pavel Šulc,5,3,0.67,36.09
Adam Karabec + Ainsley Maitland-Niles + Clinton Mata + Moussa Niakhate + Pavel Šulc,5,3,0.67,35.99
Adam Karabec + Ainsley Maitland-Niles + Corentin Tolisso + Moussa Niakhate + Pavel Šulc,5,3,0.67,35.99
Adam Karabec + Ainsley Maitland-Niles + Dominik Greif + Moussa Niakhate + Pavel Šulc,5,3,0.67,35.99
Adam Karabec + Clinton Mata + Corentin Tolisso + Moussa Niakhate + Pavel Šulc,5,3,0.67,35.99
Adam Karabec + Clinton Mata + Dominik Greif + Moussa Niakhate + Pavel Šulc,5,3,0.67,35.99
Adam Karabec + Corentin Tolisso + Dominik Greif + Moussa Niakhate + Pavel Šulc,5,3,0.67,35.99
Afonso Moreira + Ainsley Maitland-Niles + Clinton Mata + Corentin Tolisso + Tyler Morton,5,3,0.67,35.59
Afonso Moreira + Ainsley Maitland-Niles + Clinton Mata + Pavel Šulc + Tyler Morton,5,3,0.67,35.59
Afonso Moreira + Ainsley Maitland-Niles + Corentin Tolisso + Dominik Greif + Tyler Morton,5,3,0.67,35.59
Afonso Moreira + Ainsley Maitland-Niles + Corentin Tolisso + Pavel Šulc + Tyler Morton,5,3,0.67,35.59
Afonso Moreira + Ainsley Maitland-Niles + Dominik Greif + Pavel Šulc + Tyler Morton,5,3,0.67,35.59
Abner + Afonso Moreira + Ainsley Maitland-Niles + Clinton Mata + Corentin Tolisso,5,3,0.67,34.69
Abner + Afonso Moreira + Ainsley Maitland-Niles + Clinton Mata + Dominik Greif,5,3,0.67,34.69
Abner + Afonso Moreira + Ainsley Maitland-Niles + Clinton Mata + Pavel Šulc,5,3,0.67,34.69
Abner + Afonso Moreira + Ainsley Maitland-Niles + Corentin Tolisso + Dominik Greif,5,3,0.67,34.69
Abner + Afonso Moreira + Ainsley Maitland-Niles + Corentin Tolisso + Pavel Šulc,5,3,0.67,34.69
Abner + Afonso Moreira + Ainsley Maitland-Niles + Dominik Greif + Pavel Šulc,5,3,0.67,34.69
Ainsley Maitland-Niles + Clinton Mata + Corentin Tolisso + Dominik Greif + Nicolás Tagliafico,5,6,0.67,33.99
Abner + Ainsley Maitland-Niles + Clinton Mata + Moussa Niakhate + Pavel Šulc,5,3,0.67,32.99
Abner + Ainsley Maitland-Niles + Corentin Tolisso + Moussa Niakhate + Pavel Šulc,5,3,0.67,32.99
Afonso Moreira + Clinton Mata + Corentin Tolisso + Dominik Greif + Pavel Šulc,5,5,0.6,34.16
Ainsley Maitland-Niles + Clinton Mata + Corentin Tolisso + Moussa Niakhate + Pavel Šulc,5,5,0.6,33.08
Corentin Tolisso + Dominik Greif + Moussa Niakhate + Nicolás Tagliafico + Tanner Tessmann,5,5,0.6,30.26
Abner + Corentin Tolisso + Moussa Niakhate + Tanner Tessmann + Tyler Morton,5,5,0.6,27.92
Afonso Moreira + Clinton Mata + Corentin Tolisso + Dominik Greif + Tyler Morton,5,4,0.5,30.82
Afonso Moreira + Clinton Mata + Corentin Tolisso + Pavel Šulc + Tyler Morton,5,4,0.5,30.82
Afonso Moreira + Clinton Mata + Dominik Greif + Pavel Šulc + Tyler Morton,5,4,0.5,30.82
Afonso Moreira + Corentin Tolisso + Dominik Greif + Pavel Šulc + Tyler Morton,5,4,0.5,30.82
Abner + Afonso Moreira + Clinton Mata + Corentin Tolisso + Dominik Greif,5,4,0.5,30.14
Abner + Afonso Moreira + Clinton Mata + Corentin Tolisso + Pavel Šulc,5,4,0.5,30.14
Abner + Afonso Moreira + Clinton Mata + Dominik Greif + Pavel Šulc,5,4,0.5,30.14
Abner + Afonso Moreira + Corentin Tolisso + Dominik Greif + Pavel Šulc,5,4,0.5,30.14
Ainsley Maitland-Niles + Clinton Mata + Moussa Niakhate + Pavel Šulc + Tyler Morton,5,4,0.5,29.46
Ainsley Maitland-Niles + Corentin Tolisso + Moussa Niakhate + Pavel Šulc + Tyler Morton,5,4,0.5,29.46
Ainsley Maitland-Niles + Clinton Mata + Corentin Tolisso + Nicolás Tagliafico + Pavel Šulc,5,3,0.33,26.24
Ainsley Maitland-Niles + Clinton Mata + Dominik Greif + Nicolás Tagliafico + Pavel Šulc,5,3,0.33,26.24
Ainsley Maitland-Niles + Clinton Mata + Nicolás Tagliafico + Pavel Šulc + Tyler Morton,5,3,0.33,26.24
Ainsley Maitland-Niles + Corentin Tolisso + Dominik Greif + Nicolás Tagliafico + Pavel Šulc,5,3,0.33,26.24
Ainsley Maitland-Niles + Corentin Tolisso + Nicolás Tagliafico + Pavel Šulc + Tyler Morton,5,3,0.33,26.24
Ainsley Maitland-Niles + Dominik Greif + Nicolás Tagliafico + Pavel Šulc + Tyler Morton,5,3,0.33,26.24
Corentin Tolisso + Dominik Greif + Moussa Niakhate + Pavel Šulc + Tanner Tessmann,5,3,0.33,24.54
Abner + Afonso Moreira + Clinton Mata + Corentin Tolisso + Tyler Morton,5,3,0.33,24.34
Abner + Afonso Moreira + Clinton Mata + Dominik Greif + Tyler Morton,5,3,0.33,24.34
Abner + Afonso Moreira + Clinton Mata + Pavel Šulc + Tyler Morton,5,3,0.33,24.34
Abner + Afonso Moreira + Corentin Tolisso + Dominik Greif + Tyler Morton,5,3,0.33,24.34
Abner + Afonso Moreira + Corentin Tolisso + Pavel Šulc + Tyler Morton,5,3,0.33,24.34
Abner + Afonso Moreira + Dominik Greif + Pavel Šulc + Tyler Morton,5,3,0.33,24.34
Ainsley Maitland-Niles + Clinton Mata + Corentin Tolisso + Pavel Šulc + Tanner Tessmann,5,3,0.33,23.64
Ainsley Maitland-Niles + Clinton Mata + Moussa Niakhate + Pavel Šulc + Tanner Tessmann,5,3,0.33,23.64
Ainsley Maitland-Niles + Corentin Tolisso + Moussa Niakhate + Pavel Šulc + Tanner Tessmann,5,3,0.33,23.64
Clinton Mata + Corentin Tolisso + Moussa Niakhate + Pavel Šulc + Tanner Tessmann,5,3,0.33,23.64
Abner + Corentin Tolisso + Moussa Niakhate + Pavel Šulc + Tanner Tessmann,5,3,0.33,21.54
Clinton Mata + Corentin Tolisso + Dominik Greif + Khalis Merah + Moussa Niakhate,5,3,0.0,18.3
Ainsley Maitland-Niles + Clinton Mata + Corentin Tolisso + Dominik Greif + Khalis Merah,5,3,0.0,16.9
Ainsley Maitland-Niles + Clinton Mata + Corentin Tolisso + Khalis Merah + Nicolás Tagliafico,5,3,0.0,16.9
Ainsley Maitland-Niles + Corentin Tolisso + Dominik Greif + Khalis Merah + Nicolás Tagliafico,5,3,0.0,16.9
Clinton Mata + Corentin Tolisso + Dominik Greif + Khalis Merah + Nicolás Tagliafico,5,3,0.0,16.9
Clinton Mata + Corentin Tolisso + Dominik Greif + Khalis Merah + Tyler Morton,5,3,0.0,16.6
Corentin Tolisso + Moussa Niakhate + Pavel Šulc + Tanner Tessmann + Tyler Morton,5,3,0.0,11.1
